{"098":["MU","\ud808\ude2c","szu10","szum3","ia5","szumu","i14"],"099":["SILA3","\ud808\udee1","qa"],"215":["LIMMU2","\ud808\uddf9","lim2","arba","erba","arrap","IV"],"212":["GESZTIN","\ud808\udcfe"],"474":["al","\ud808\udc20"],"090":["APIN","\ud808\udc33","engar","pin","bin","uru4"],"091":["MAH","\ud808\ude24","mih"],"092":["PAB","\ud808\ude7d","pap","bab","bap","pa4","ba14","kur2"],"761":["ESIR2","\ud808\uddd2"],"663":["ugu","\ud808\udf0b\ud808\udd57","muh"],"767":["ZAR","\ud808\udde1","s,ar","sar6","bul5","s,ara"],"661":["u","\ud808\udf0b"],"010":["AN","\ud808\udc2d","DINGIR","il3","ila","d"],"011":["aszszur","\ud808\udc38\ud808\udee9"],"131":["KUN","\ud808\uddb2","ku14","qun"],"130":["masz2","\ud808\ude27"],"014":["BA","\ud808\udc40","pa2"],"015":["ZU","\ud808\udf6a","s,u2","su2"],"016":["SU","\ud808\udee2","s'u","szu11","kus","kusz","kuz","gusz"],"134":["NAM","\ud808\ude46"],"494":["LUH","\ud808\ude1b","rah","lah3","lih3","rih","ruh","huluh","luhu","sukkal"],"495":["E2","\ud808\udc8d","bit","bit,","pid","pit","pit,","'a3","a'3","bet"],"496":["KAL","\ud808\udd97","reb","rib","rip","kal","dan","qal4","rub","lab","lap","lib2","lip2","tan","t,an","sig15","kala","kalag","gurus","lamma","esi","dana3","tana","lama3","la6"],"497":["ALAD","\ud808\udd98"],"490":["U2","\ud808\udf11","szam","sam","sza25","bu11","pu11","ba6","kusz3"],"491":["GA","\ud808\udcb5","ga","qa2","ka3"],"493":["IL2","\ud808\udd4d","gil3","ili2","dusu"],"693":["LAM","\ud808\uddf4","lam","la12","lum4","lim3","isz12","lama"],"690":["NIM","\ud808\ude4f","nim","ni7","num","nam3","nu3","tum4","tu8","dih3","elam"],"691":["tum3","\ud808\ude50"],"696":["SISKUR","\ud808\udc2c"],"695":["AMAR","\ud808\udc2b","zur","s,ur","s,ar2","s,uru"],"698":["UL","\ud808\udf0c","ul","mul4"],"209":["TAB","\ud808\udef0","tap","t,ab","t,ap","dab2","dap2"],"137":["MUD","\ud808\udd37\ud808\udd2d","mut","mut,","mu12"],"289":["SIL7","\ud808\udca3"],"543":["GAR3","\ud808\udcfc","gar3","qar","kar3","kir16"],"540":["ZAG","\ud808\udf60","zag","zak","zaq","za3","sak6","s,ak"],"541":["SAR","\ud808\udeac","s'ar","szar","mu2"],"340":["GAZ","\ud808\udd24","gas,","kas,3","kas3","naga3"],"341":["UR2","\ud808\udf2b"],"544":["LIL","\ud808\uddf8","il9"],"545":["MURU2","\ud808\udf18","muri","mur2","murub4","nisag"],"810":["SZE3","\ud808\udca0","sze3","szi4","isz9","ub2","up2","zi3","hun","esz2","zid2","kum"],"326":["AG2","\ud808\ude58","ram","aga2"],"548":["ASZ2","\ud808\udc3e","asz2","as'","as2","az2","as,2","tasz3","asza2","ziz2"],"813":["DIB","\ud808\udc73","dip","t,ib","t,ip","tib","tip","dab","dap","dibi","t,ab3"],"348":["IL","\ud808\udd4b","il","el2"],"815":["KIN","\ud808\udda5","kin","qin","qi","qe"],"816":["SIG2","\ud808\udee0","szik2","sziq2","sik2"],"628":["ZIB","\ud808\udf66","zip","s,ib","s,ip","sip3","zub2","s,ibi"],"678":["KISZ","\ud808\udda7","kis","qisz","qis"],"766":["U8","\ud808\uddc7","szurun","szurim","lahar","us5","'u3"],"221":["TAK","\ud808\udef3","tak","szum","taq","tag"],"714":["NINNU","\ud809\udc10","L"],"711":["ESZ","\ud808\udf0d","esz","isz3","es2","is5","uz7","sin","s,in","ba3","uszu3","XXX"],"120":["MASZ","\ud808\ude26","mas","ma\u0161","mas,","mas'","sa9","ba7"],"121":["BAR","\ud808\udc47","par2"],"261":["IN","\ud808\udd54","en6"],"026":["TU6","\ud808\udd72"],"020":["iti","\ud808\udf17"],"023":["SZAH","\ud808\udeda","szih","szuh2","sah2","sih","s,eh","szaha"],"127":["AG","\ud808\udc1d","aq","ak"],"080":["GISZGAL","\ud808\udf47","gal3","qal3","suk3","u18"],"133":["U5",""],"485":["SZID","\ud808\udec3","szit","szit,","sid2","lak","lag","laq","lik2","liq2","kir15","laka","aka3","sila11","sziti","szita5","pisan2","sanga","umbisag","kiri8"],"132":["HU","\ud808\udd37","hu","pag","pak","paq","bag","baq","bak","bah","puq2","musz8","muszen"],"085":["LI","\ud808\uddf7","le"],"012":["MUG","\ud808\ude2e","muk","muq","buk","puk"],"379":["GAG","\ud808\udd95","gag","kak","qaq","ka15","kal3","du3","da3","ru2","ri12","re12","kaq"],"378":["KIB","\ud808\udcfa","kib","kip","qib","qip","gib2","gip2","tur4","t,ur4","ul3","hul3"],"535":["SZESZ","\ud808\udec0","szesz","szisz","sziz","szis,","szas","szas,","szasz","sisz","sis","ah2","aha2","uru3"],"828":["UR","\ud808\udf28","ur","tasz","liq","lik","lig","taz","tas","tas,","tisz2","tesz2","tiz2","tis2","tis,2","dasz","tes2"],"298":["GAB","\ud808\udc83","gab","gap","qab","tuh","duh","t,uh","du8","tu24","t,ah2","tah2","gaba","tuhu","duru5"],"825":["min","\ud808\ude2b"],"498":["e","\ud808\udc8a"],"827":["TUK","\ud808\udf07","tug","tuq","duk2","rasz2","du12","tuku"],"358":["BI","\ud808\udc49","bi","be2","pi2","pe2","kasz","kas2","kas,2","gasz"],"292":["SUM","\ud808\udee7","sum","szum2"],"136":["IG","\ud808\udd45","ik","iq","eg","ek","eq","gal2"],"591":["LISZ","\ud808\uddfa","lisz","lis","liz","szil4","dilim2","dili2"],"590":["kar","\ud808\udefc\ud808\udc00"],"708":["MAN","\ud808\udf99","mam","ma10","min3","mim3","nisz","nis","nasz","szarru2","mana","nesz","XX","nes"],"596":["UD","\ud808\udf13","utu","tu2","par","ut","ut,","uta","u4","a12","tam","t,am2","dam2","ta5","pir","bir2","lah","lih","hisz","hasz3","babbar"],"599":["sza3","\ud808\udeae"],"598":["PI","\ud808\ude7f","pi","pe","bi3","be6","wa","we","wi","wu","ua","ue","ui","uu","aw","ew","iw","uw","au","iu","eu","am7","a3","tal2","ta7"],"311":["uzu","\ud808\udf5c"],"017":["SZEN","\ud808\udebf","szin","rug","ruk","ruq","szun"],"701":["gir3","\ud808\udd0a"],"115":["szir","\ud808\uded3"],"018":["ARAD","\ud808\udc34","ir3","er3","war3","nita2","nitah2"],"117":["NUMUN","\ud808\uddb0","kul","qul","gul2","zir"],"145":["TUR3","\ud808\ude63\ud808\uddec"],"111":["RU","\ud808\ude92","szub","szup"],"110":["NA","\ud808\ude3e"],"113":["BAD","\ud808\udc41","be","bi4","pe3","pi3","bad","bat","bat,","pat2","pat,2","bit2","pit2","mid","mit","mit,","mut2","mat2","til","ziz","zis","s,is,","usz2","sun","szum4","qit3","idim","tel","med"],"112":["NU","\ud808\ude61","ul2","la3","u23"],"032":["SU6","\ud808\udd7e"],"031":["nundum","\ud808\udd7b"],"119":["DIN","\ud808\udc77","din","tin","ten2","ti2","di2","tim3","dini"],"118":["TI","\ud808\udefe"],"833":["udug","\ud808\udf1c"],"795":["SUG","\ud808\uddb9","suk","suq","zuk","zuq","as4","ambar","bugin","bunin"],"836":["gin2","\ud808\udc85","t,u"],"140":["ZI","\ud808\udf63","ze","s,i2","s,e2","si2","se2","zig3"],"834":["ESZ5","\ud809\udc08","III"],"558":["GIR","\ud808\udd2b","qir","kir","qar5","pisz","pis","pisza","pusz3","bisz","bis2","ha6","pesz","giri","kiri","qiri","ger","qer"],"839":["A","\ud808\udc00","me5","mu14","t,ur5","e4"],"733":["hul","\ud808\udd46\ud808\udf28"],"612":["ERIM","\ud808\udc9f","erim","s,ab","s,ap","zab","zap","zalag2"],"899":["EL","\ud808\udc96","el","il5","ili5","ele2","sikil"],"255":["dumu","\ud808\udf09","tur"],"362":["SZIM","\ud808\udec6","s'im","szi6","rig","rik","riq","szem","bappir2","sirasz","siris"],"411":["UR3","\ud808\udce1"],"309":["am","\ud808\udd20"],"584":["SUD","\ud808\udee4","szud","sut","sut,","s'u3","su3","sir","sar4"],"585":["MUSZ","\ud808\ude32","mus","s,ir","zir3","rik13"],"583":["UZ","\ud808\udeba\ud808\udd37","uz","us","us,","usz10"],"580":["BU","\ud808\udc4d","pu","sir2","szir2","gid2","git2","git,2","qid2","qit2","kit10","szud2"],"300":["EDIN","\ud808\udc94","edin","ru6"],"301":["TAH","\ud808\ude2d","dah","taha"],"302":["KASKAL","\ud808\udd9c","kaskal","kas","rasz","ras","busz","isz2","ir7","bu2"],"589":["TE","\ud808\udefc","te","ti7","t,e4","t,i4","de4","di12","mul2","ten"],"380":["NI","\ud808\ude4c","ne2","li2","le2","i3","bu16","'a5","ia3","zal","s,al","zar2","dik","diq","tiq2","zala"],"381":["USZ","\ud808\udf51","usz","us'","us2","us,2","uz2","nit","nit,","nid","usu2","gisz3","nita","nitah"],"247":["mul","\ud808\udc2f"],"109":["KAD3","\ud808\udd91","kat3","gat3","kata3"],"385":["NA4","\ud808\ude4c\ud808\udf13","ia4","za2","na4"],"386":["DAG3","\ud808\ude4c\ud808\udc9f","tak3","taq3","dag3","gak3","daq3"],"242":["dub","\ud808\udc7e","t,up"],"106":["KID2","\ud808\udefa","kit2","tad","tat","dad","dat","t,at","tak4","tag4"],"248":["ta","\ud808\udeeb"],"105":["GIL","\ud808\udd03","kil2","gilim","gib"],"760":["GIGIR","\ud808\uddc0"],"201":["MA2","\ud808\ude23"],"818":["EREN","\ud808\udc9e","erin"],"905":["SIG4","\ud808\udede","szik6","kulla"],"746":["PAD","\ud808\ude7b","pad","pat","pat,","bat2","szug","szuk","szuq"],"788":["BUL","\ud808\udde7","pul","bu5","tuku4","tuk4"],"108":["KAD2","\ud808\udd90","kat2","gat2","qat6","szid2"],"737":["KI","\ud808\udda0","ke","qi2","qe2","gi5"],"641":["IM","\ud808\udd4e","em","szar5","rad2","iszkur","ni2"],"640":["kam",""],"643":["ber","\ud808\udd35","bir"],"246":["NAB","\ud808\udc2e","nap","nip2"],"644":["HUR","\ud808\udd2f","hur","mur","har","ur5","hir2","ar3","mar6","kin2"],"438":["DAG","\ud808\udc56","par3","dag","dak","daq","tag2","tak2","taq2"],"511":["ra","\ud808\ude8f"],"437":["IR","\ud808\udd55","ER","er","ir"],"514":["LU2","\ud808\uddfd"],"006":["gir2","\ud808\udd08"],"883":["MUNUS","\ud808\udea9","sal","szal","mi2","s'al","rag","rak","raq","mim","mam2","min2","f"],"579":["sze","\ud808\udeba"],"578":["KUR","\ud808\uddb3","kur","qur2","gur16","mad","mat","mat,","nad","nat","lad","lat","lat,","szad","szat","szat,","sad","sat","gin3","kin3"],"339":["KUM","\ud808\udd23","qum","gum","qu","ku13","kun3","kas6"],"573":["ALAM","\ud808\udc29","alan"],"900":["LUM","\ud808\ude1d","lu4","num2","nu4","gum2","qum3","hum","hus","kus2","kus,2","guz"],"570":["LUL","\ud808\ude1c","lib","lu5","lip","lub","lup","pah","puh","pih","bah3","buh","nar","lulu","libi","dunga2"],"176":["gu2","\ud808\udd18"],"576":["GAM","\ud808\udcf5","gam","qam","gum4","gur2"],"333":["SZAM2","\ud808\ude5a","san4"],"574":["URI","\ud808\udf35"],"071":["URU","\ud808\udf37","uru","eri","iri","ri2","re2","er4","ir4","ru9","al8","ala","ali","alu"],"258":["at","\ud808\udc1c","at,","ad"],"259":["ZE2","\ud808\udf62","ze2","zi2","s,e","s,i","si20","se20"],"812":["lu","\ud808\uddfb","udu","nigida"],"178":["DUR","\ud808\udd19","t,ur","tur2"],"252":["i","\ud808\udd3f"],"296":["UG","\ud808\ude8c","uk","uq","pirig3"],"887":["NIN","\ud808\udea9\ud808\udf06","nim2","min4","in5","erisz","eresz"],"253":["GAN","\ud808\udcf6","kan","qan","he2","hi2","li6"],"172":["SA","\ud808\ude93","sa","s'a"],"254":["KAM2","","utul7"],"170":["LAL3","\ud808\udeed"],"499":["DUG","\ud808\udc81","duk","duq","tuk3","tuq3","lud","lut","lut,"],"856":["HA","\ud808\udd29","ku6","gir14","kir9","qir10","qer10","kua"],"851":["ZA","\ud808\udf5d","za","s,a","sa3"],"073":["UKKIN","\ud808\udf3a","unkin"],"884":["ZUM","\ud808\udf6e","s,um","s,im","sim5","sum2","s,u","zu3","su14","rig2","rik2","riq2"],"139":["rat","\ud808\udee5","rad"],"859":["NIG2","\ud808\udcfb","sza2","gar","nig2","nik2","niq2","ni3","garak5","ga4","ninda"],"042":["DILIB2","\ud808\udd82"],"731":["u3","\ud808\udd47"],"313":["NE","\ud808\ude48","ne","t,e3","bil","pil","ni5","de3","t,i5","te4","ti9","li9","bi2","pi5","kum2","qum2","s,ah","s,eh2","rim3","rum2","szeg6","gibil4","izi","bar7","bir9","bel"],"180":["GUR","\ud808\udd25","gur","qur","kur3"],"181":["si","\ud808\udedb","se"],"162":["SZINIG","\ud808\uded2"],"184":["SZAK","\ud808\ude95","sak","sag","saq","szaq","szag","san","sza24","risz","ris","sur14"],"312":["BIL2","\ud808\ude4b","bil2","pil2","bi5","ne8","gibil"],"507":["GI4","\ud808\udd04","gi4","ge4","qi4","qe4","ki8"],"504":["UB","\ud808\udf12","ub","up","ar2"],"502":["NIR","\ud808\ude6a","nir","nar3"],"889":["dam","\ud808\udc6e"],"501":["un",""],"753":["ME","\ud808\ude28","me","mi3","szib","szip","sib","sip","szab4","mesz2","qad4","qat4","iszib"],"631":["HI","\ud808\udd2d","hi","he","t,a3","ta8","da10","dug3","du10"],"632":["SZAR2","\ud808\udeb9","sar2"],"750":["la2","\ud808\uddf2","lal"],"469":["GISZ","\ud808\udd11","gisz","nis2","is","iz","is,","es","ez","es,","isz6","esz19","gis","kis2","nisz2","bil3","pil3"],"468":["SIPA","\ud808\ude7a\ud808\uddfb","sip2","sap3","szab5","szap5","sipa","siba","sipad","sibad"],"636":["AH","\ud808\udd34","ih","eh","uh"],"754":["mesz","\ud808\ude28\ud808\udf0d"],"560":["A2","\ud808\udc09","it","a2","it,","id","ed","et","et,"],"561":["DA","\ud808\udc55","da","t,a"],"736":["T,E","\ud808\udc72","t,e","silim","t,i","di","de"],"786":["TUL2","\ud808\udde5","pu2","t,ul","hab2","hap2","bu4"],"566":["sza","\ud808\udead"],"567":["SZU","\ud808\uded7","szu","qad","qat"],"336":["ZIG","\ud808\udf68","ziq","zik","zaq4","zib2","s,ib2","hasz2","has3","hisz2"],"168":["mun","\ud808\udc75"],"024":["KA","\ud808\udd57","qa3","pi4","bu17","pu5","bum3","zu2","su11","zib4","kir4","inim","dug4","du11","gu3"],"164":["en","\ud808\udc97"],"165":["BURU14","\ud808\udc98","bur14","sullim"],"167":["DIM","\ud808\udc74","t,im","tim","ti3","tum8","dum4","tam3"],"223":["AB","\ud808\udc0a","ab","ap"],"222":["ka2","\ud808\udd8d"],"387":["GA2","\ud808\udcb7","mal","ga2","ma3","ba4","mala","pisan"],"869":["szu2","\ud808\uded9"],"270":["HASZHUR","\ud808\ude22"],"271":["EZEN","\ud808\udca1","szir3","sir3","hir","keszda","kesz2","szer3"],"861":["IA2","\ud809\udc0a","i2","V"],"862":["ASZ3","\ud809\udc0b","VI"],"354":["TUM","\ud808\udf08","tum","t,um","dum","tim2","tu4","t,u4","ib2","ip2","eb2","ep2"],"726":["AR","\ud808\udd48","ar"],"727":["AGRIG","\ud808\udd46\ud808\udc7e","giskim","iskim"],"724":["IGI","\ud808\udd46","szi","sze20","lem","igi","gi8","lim","li3","lum2","lam5","bat5","pan3","bad5"],"720":["DUL","\ud808\udf0b\ud808\udf06","dul","tul"],"721":["DU6","\ud808\uddef","dul6","tul5","tul3"],"587":["TIR","\ud808\udf01","t,ir5","ter"],"297":["AZ","\ud808\ude8d","az","as,","as","as'","us4","us,4","uz4"],"728":["U6","\ud808\udd46\ud808\udc8d"],"729":["SIG5","\ud808\udd46\ud808\udc9f"],"151":["sur","\ud808\udee9","szur"],"150":["HUB","\ud808\udd3d","hup"],"881":["SIG","\ud808\udedd","sig","sik","siq","szig","szik","sziq","zik2","ziq2","s'e2","s'i3","szi3","si11","pik","piq","bik"],"152":["MUSZ2","\ud808\ude3d","suh","szuh","sih4"],"744":["SZUL","\ud808\udc84","szul","sul","s'ul","dun","tun4","szah2"],"745":["KUG","\ud808\uddac","ku3","qu5"],"157":["GAD","\ud808\udcf0","gad","gat","qad3","qat3","kad","kat","kid9","kit9","gada"],"747":["XV","\ud808\udf0b"],"748":["DISZ","\ud808\udc79","disz","t,isz","tisz","tiz","dasz2","dusz2","tasz2","ez4","gi3","il4","ana","santak4","m"],"554":["BARA2","\ud808\udc48","bar2","barag","para10"],"557":["DUN4","\ud808\udc88","nimgir2","nigir2"],"556":["MIR","\ud808\udc86","mir","miri","aga","nimgir"],"075":["BANSZUR","\ud808\udf4e"],"682":["GUL","\ud808\udd22","qul2","kul2","sun2","szun3","gulu"],"553":["GAL","\ud808\udcf2","qal","kal2","rab2","gala8"],"552":["MA","\ud808\ude20","wa6"],"633":["TI2","","te2","di2","de8","t,i2","t,e2"],"238":["um","\ud808\udf1d"],"756":["ENGUR","\ud808\uddc9","namma"],"065":["ku2","\ud808\udd65"],"236":["NINA","\ud808\udc0f","nansze"],"230":["URUDU","\ud808\udf4f","dab6","tab5","t,ab4"],"232":["UNUG","\ud808\udc15","unu","aba4"],"064":["nag","\ud808\udd58","nak","naq","nik5","kab2","na8"],"061":["EME","\ud808\udd74","em4"],"357":["ISZ","\ud808\udd56","is'","esz15","is2","iz2","is,2","es5","mil","iszi","sahar","kusz7"],"559":["BUR","\ud808\udc53","pur"],"755":["LAGAB","\ud808\uddb8","kil","qil","gil2","kir3","qir3","gir8","rim","rin","ri3","re3","hab","hap","gili2","haba","kele","reme","gur4","kur4","nigin2","kel"],"141":["GI","\ud808\udd00","gi","ge","qi3","qe3","ki2","ke2","tar5","taru5"],"808":["KU","\ud808\uddaa","qu2","gu5","dur2","t,ur2","tur7","tusz","dusz","tukul","zap2","sze10"],"635":["A'","\ud808\udc2a","'a","'e","'i","'u","e'","i'","u'"],"464":["PA","\ud808\ude7a","ba2","had","hat","hat,","has,2","has2","sak3","zak2","szag3","hata","ugu\u013aa","gidru","lug2","lu9","sig3","muati"],"353":["ansze","\ud808\udc32"],"466":["SZAB","\ud808\ude7a\ud808\udd41","szab","sap","szap","sab","sip4"],"890":["GEME2","\ud808\udea9\ud808\uddb3","amtu","amti"],"891":["GU","\ud808\udd16","gu"],"089":["LA","\ud808\uddb7"],"893":["ALLA","\ud808\ude44","nagar","kuszu2"],"142":["RI","\ud808\ude91","re","dal","tal","t,al","tala"],"143":["NUN","\ud808\ude63","nun","nu6","zil","s,il","sil2","eridu"],"207":["DIR","\ud808\udedb\ud808\udc00","t,ir","tir4","mal2","sa5","diri","dirig"],"275":["BAD3","\ud808\udca6","bat3","u9","ug5"],"898":["NIG","\ud808\udea9\ud808\udf28","nik","niq","nak3"],"613":["PIR2","\ud808\udc9f","par5","bir3","lah2","lih2","hisz3"],"704":["DUGUD","\ud808\udc82"],"611":["UH2","\ud808\udf14","uhu2"],"086":["TU","\ud808\udf05","t,u2","du2"],"148":["KAB","\ud808\udd8f","kap","qab2","qap2","gab2","gap2"],"084":["URUXGU","\ud808\udf40","kur12","szakir","szakira"],"003":["hal","\ud808\udd2c"],"001":["asz","\ud808\udc38","as3","rum","ru3","rim5","ina","dil","dili","t,il","dal3","in6"],"007":["girgunu2","\ud808\udd09","ad2","at2","at,2","ul4"],"672":["AB2","\ud808\udc16","lid","lit","lit,","li8","le8","ab2","ap2","rem2","rim2"],"005":["bal","\ud808\udc44","pal","bul3","pul3","bala"],"486":["MES","\ud808\ude29","rid","rit","rit,","mis","misz","mesz3","mis,","kiszib","red"],"009":["tar","\ud808\udefb","t,ar","tir2","t,ir2","szar7","kud","kut","qud","qut","has","hasz","has,","haz","szil","sil","qutu","tara","sila"],"484":["KID","\ud808\udda4","sah","kid","kit","kit,","qid","qit","git","qi5","s,ah2","szah3","suh4","sih2","szih2","lil2","ge2","ket"],"483":["mar","\ud808\ude25"],"686":["GIM","\ud808\udc76","qim","kim","kin8","dim2","t,im2","din3","gimi","szitim","gin7"],"262":["RAB","\ud808\ude90","rap"],"705":["gig","\ud808\ude2a\ud808\ude6d"],"681":["MI","\ud808\ude2a","mi","me2","gi6","s,il2","ge6","gig2"],"547":["DE2","\ud808\udf23","t,e5","umun2","umum","simug"],"122":["BAN2","\ud809\udc4f","ban2"],"472":["GU4","\ud808\udd1e","ku15","gud"],"356":["EGIR","\ud808\udc95","eger"],"809":["TUG2","\ud808\udf06","tuk2","usz4","azlag2","tu9","umusz","nam2"],"260":["IA","\ud808\udd40","ia","ie","ii","iu"],"689":["NA2","\ud808\ude3f","nu2"],"352":["KASZ4","\ud808\udc7d","kas4","im2"],"351":["SUHUSZ","\ud808\udc7c","kas5"],"350":["DU","\ud808\udc7a","t,u3","tum2","tu3","gub","gup","qub","qup","kub","kup","ra2","kin7","sza4","im6","lah4","sup2","gin","ri6"],"685":["PAN","\ud808\ude7c","ban","ter5"],"392":["AMA","\ud808\udcbc","dagal"],"804":["NIGIN","\ud808\uddb8\ud808\uddb8","kil3","rin3"],"807":["IB","\ud808\udd41","ib","ep","ip","dara2"],"266":["LUGAL","\ud808\ude17","szarru","szar3","hanisz2"],"860":["LIMMU"],"669":["UGUR","ugur"],"864":["ussu"],"868":["ilimmu"],"877":["hul2"],"966":["blalala","\ud808\udeda"]}