[
    {
      "orderGlobal": 1,
      "dynastyNumber": "1",
      "dynastyName": "Dynasty of Akkad",
      "orderInDynasty": "1",
      "name": "Sargon",
      "date": "2334–2279",
      "totalOfYears": "56?",
      "notes": ""
    },
    {
      "orderGlobal": 2,
      "dynastyNumber": "1",
      "dynastyName": "Dynasty of Akkad",
      "orderInDynasty": "2",
      "name": "Rimuš",
      "date": "2278–2270",
      "totalOfYears": "9?",
      "notes": ""
    },
    {
      "orderGlobal": 3,
      "dynastyNumber": "1",
      "dynastyName": "Dynasty of Akkad",
      "orderInDynasty": "3",
      "name": "Maništušu",
      "date": "2269–2255",
      "totalOfYears": "15?",
      "notes": ""
    },
    {
      "orderGlobal": 4,
      "dynastyNumber": "1",
      "dynastyName": "Dynasty of Akkad",
      "orderInDynasty": "4",
      "name": "Naram-Sin",
      "date": "2254–2218",
      "totalOfYears": "37?",
      "notes": ""
    },
    {
      "orderGlobal": 5,
      "dynastyNumber": "1",
      "dynastyName": "Dynasty of Akkad",
      "orderInDynasty": "5",
      "name": "Šar-kali-šarri",
      "date": "2217–2193",
      "totalOfYears": "25",
      "notes": ""
    },
    {
      "orderGlobal": 6,
      "dynastyNumber": "1",
      "dynastyName": "Dynasty of Akkad",
      "orderInDynasty": "6",
      "name": "Igigi",
      "date": "2192–2190",
      "totalOfYears": "3",
      "notes": ""
    },
    {
      "orderGlobal": 7,
      "groupWith": 6,
      "dynastyNumber": "1",
      "dynastyName": "Dynasty of Akkad",
      "orderInDynasty": "7",
      "name": "Naniyum",
      "date": "",
      "totalOfYears": "",
      "notes": ""
    },
    {
      "orderGlobal": 8,
      "groupWith": 6,
      "dynastyNumber": "1",
      "dynastyName": "Dynasty of Akkad",
      "orderInDynasty": "8",
      "name": "Imi",
      "date": "",
      "totalOfYears": "",
      "notes": ""
    },
    {
      "orderGlobal": 9,
      "groupWith": 6,
      "dynastyNumber": "1",
      "dynastyName": "Dynasty of Akkad",
      "orderInDynasty": "9",
      "name": "Elulu",
      "date": "",
      "totalOfYears": "",
      "notes": ""
    },
    {
      "orderGlobal": 10,
      "dynastyNumber": "1",
      "dynastyName": "Dynasty of Akkad",
      "orderInDynasty": "10",
      "name": "Dudu",
      "date": "2189–2169",
      "totalOfYears": "21",
      "notes": ""
    },
    {
      "orderGlobal": 11,
      "dynastyNumber": "1",
      "dynastyName": "Dynasty of Akkad",
      "orderInDynasty": "11",
      "name": "Šu-Durul",
      "date": "2168–2154",
      "totalOfYears": "15",
      "notes": ""
    },
    {
      "orderGlobal": 11.1,
      "dynastyNumber": "2a",
      "dynastyName": "Second Dynasty of Lagash",
      "orderInDynasty": "1",
      "name": "Gudea",
      "date": "2144–2124",
      "totalOfYears": "20",
      "notes": "",
      "isNotInBrinkman": true
    },
    {
      "orderGlobal": 12,
      "dynastyNumber": "2",
      "dynastyName": "Third Dynasty of Ur",
      "orderInDynasty": "1",
      "name": "Ur-Namma",
      "date": "2110–2093",
      "totalOfYears": "18",
      "notes": ""
    },
    {
      "orderGlobal": 13,
      "dynastyNumber": "2",
      "dynastyName": "Third Dynasty of Ur",
      "orderInDynasty": "2",
      "name": "Šulgi",
      "date": "2092–2045",
      "totalOfYears": "48",
      "notes": ""
    },
    {
      "orderGlobal": 14,
      "dynastyNumber": "2",
      "dynastyName": "Third Dynasty of Ur",
      "orderInDynasty": "3",
      "name": "Amar-Suen",
      "date": "2044–2036",
      "totalOfYears": "9",
      "notes": ""
    },
    {
      "orderGlobal": 15,
      "dynastyNumber": "2",
      "dynastyName": "Third Dynasty of Ur",
      "orderInDynasty": "4",
      "name": "Šu-Sin",
      "date": "2035–2027",
      "totalOfYears": "9",
      "notes": ""
    },
    {
      "orderGlobal": 16,
      "dynastyNumber": "2",
      "dynastyName": "Third Dynasty of Ur",
      "orderInDynasty": "5",
      "name": "Ibbi-Sin",
      "date": "2026–2003",
      "totalOfYears": "24",
      "notes": ""
    },
    {
      "orderGlobal": 17,
      "dynastyNumber": "3",
      "dynastyName": "First Dynasty of Isin",
      "orderInDynasty": "1",
      "name": "Išbi-Erra",
      "date": "2019–1987",
      "totalOfYears": "33",
      "notes": ""
    },
    {
      "orderGlobal": 18,
      "dynastyNumber": "3",
      "dynastyName": "First Dynasty of Isin",
      "orderInDynasty": "2",
      "name": "Šu-ilišu",
      "date": "1986–1977",
      "totalOfYears": "10",
      "notes": ""
    },
    {
      "orderGlobal": 19,
      "dynastyNumber": "3",
      "dynastyName": "First Dynasty of Isin",
      "orderInDynasty": "3",
      "name": "Iddin-Dagan",
      "date": "1976–1956",
      "totalOfYears": "21",
      "notes": ""
    },
    {
      "orderGlobal": 20,
      "dynastyNumber": "3",
      "dynastyName": "First Dynasty of Isin",
      "orderInDynasty": "4",
      "name": "Išme-Dagan",
      "date": "1955–1937",
      "totalOfYears": "19",
      "notes": ""
    },
    {
      "orderGlobal": 21,
      "dynastyNumber": "3",
      "dynastyName": "First Dynasty of Isin",
      "orderInDynasty": "5",
      "name": "Lipit-Eštar",
      "date": "1936–1926",
      "totalOfYears": "11",
      "notes": ""
    },
    {
      "orderGlobal": 22,
      "dynastyNumber": "3",
      "dynastyName": "First Dynasty of Isin",
      "orderInDynasty": "6",
      "name": "Ur-Ninurta",
      "date": "1925–1898",
      "totalOfYears": "28",
      "notes": ""
    },
    {
      "orderGlobal": 23,
      "dynastyNumber": "3",
      "dynastyName": "First Dynasty of Isin",
      "orderInDynasty": "7",
      "name": "Bur-Sin",
      "date": "1897–1876",
      "totalOfYears": "22",
      "notes": ""
    },
    {
      "orderGlobal": 24,
      "dynastyNumber": "3",
      "dynastyName": "First Dynasty of Isin",
      "orderInDynasty": "8",
      "name": "Lipit-Enlil",
      "date": "1875–1871",
      "totalOfYears": "5",
      "notes": ""
    },
    {
      "orderGlobal": 25,
      "dynastyNumber": "3",
      "dynastyName": "First Dynasty of Isin",
      "orderInDynasty": "9",
      "name": "Erra-imitti",
      "date": "1870–1863",
      "totalOfYears": "8",
      "notes": ""
    },
    {
      "orderGlobal": 26,
      "dynastyNumber": "3",
      "dynastyName": "First Dynasty of Isin",
      "orderInDynasty": "10",
      "name": "Enlil-bani",
      "date": "1862–1839",
      "totalOfYears": "24",
      "notes": ""
    },
    {
      "orderGlobal": 27,
      "dynastyNumber": "3",
      "dynastyName": "First Dynasty of Isin",
      "orderInDynasty": "11",
      "name": "Zambiya",
      "date": "1838–1836",
      "totalOfYears": "3",
      "notes": ""
    },
    {
      "orderGlobal": 28,
      "dynastyNumber": "3",
      "dynastyName": "First Dynasty of Isin",
      "orderInDynasty": "12",
      "name": "Iter-piša",
      "date": "1835–1832",
      "totalOfYears": "4",
      "notes": ""
    },
    {
      "orderGlobal": 29,
      "dynastyNumber": "3",
      "dynastyName": "First Dynasty of Isin",
      "orderInDynasty": "13",
      "name": "Urdukuga",
      "date": "1831–1828",
      "totalOfYears": "4",
      "notes": ""
    },
    {
      "orderGlobal": 30,
      "dynastyNumber": "3",
      "dynastyName": "First Dynasty of Isin",
      "orderInDynasty": "14",
      "name": "Sin-magir",
      "date": "1827–1817",
      "totalOfYears": "11",
      "notes": ""
    },
    {
      "orderGlobal": 31,
      "dynastyNumber": "3",
      "dynastyName": "First Dynasty of Isin",
      "orderInDynasty": "15",
      "name": "Damiq-ilišu",
      "date": "1816–1794",
      "totalOfYears": "23",
      "notes": ""
    },
    {
      "orderGlobal": 32,
      "dynastyNumber": "4",
      "dynastyName": "Larsa Dynasty",
      "orderInDynasty": "1",
      "name": "Naplanum",
      "date": "2025–2005",
      "totalOfYears": "21",
      "notes": ""
    },
    {
      "orderGlobal": 33,
      "dynastyNumber": "4",
      "dynastyName": "Larsa Dynasty",
      "orderInDynasty": "2",
      "name": "Emiṣum",
      "date": "2004–1977",
      "totalOfYears": "28",
      "notes": ""
    },
    {
      "orderGlobal": 34,
      "dynastyNumber": "4",
      "dynastyName": "Larsa Dynasty",
      "orderInDynasty": "3",
      "name": "Samium",
      "date": "1976–1942",
      "totalOfYears": "35",
      "notes": ""
    },
    {
      "orderGlobal": 35,
      "dynastyNumber": "4",
      "dynastyName": "Larsa Dynasty",
      "orderInDynasty": "4",
      "name": "Zabaya",
      "date": "1941–1933",
      "totalOfYears": "9",
      "notes": ""
    },
    {
      "orderGlobal": 36,
      "dynastyNumber": "4",
      "dynastyName": "Larsa Dynasty",
      "orderInDynasty": "5",
      "name": "Gungunum",
      "date": "1932–1906",
      "totalOfYears": "27",
      "notes": ""
    },
    {
      "orderGlobal": 37,
      "dynastyNumber": "4",
      "dynastyName": "Larsa Dynasty",
      "orderInDynasty": "6",
      "name": "Abisare",
      "date": "1905–1895",
      "totalOfYears": "11",
      "notes": ""
    },
    {
      "orderGlobal": 38,
      "dynastyNumber": "4",
      "dynastyName": "Larsa Dynasty",
      "orderInDynasty": "7",
      "name": "Sumuel",
      "date": "1894–1866",
      "totalOfYears": "29",
      "notes": ""
    },
    {
      "orderGlobal": 39,
      "dynastyNumber": "4",
      "dynastyName": "Larsa Dynasty",
      "orderInDynasty": "8",
      "name": "Nur-Adad",
      "date": "1865–1850",
      "totalOfYears": "16",
      "notes": ""
    },
    {
      "orderGlobal": 40,
      "dynastyNumber": "4",
      "dynastyName": "Larsa Dynasty",
      "orderInDynasty": "9",
      "name": "Sin-iddinam",
      "date": "1849–1843",
      "totalOfYears": "7",
      "notes": ""
    },
    {
      "orderGlobal": 41,
      "dynastyNumber": "4",
      "dynastyName": "Larsa Dynasty",
      "orderInDynasty": "10",
      "name": "Sin-iribam",
      "date": "1842–1841",
      "totalOfYears": "2",
      "notes": ""
    },
    {
      "orderGlobal": 42,
      "dynastyNumber": "4",
      "dynastyName": "Larsa Dynasty",
      "orderInDynasty": "11",
      "name": "Sin-iqišam",
      "date": "1840–1836",
      "totalOfYears": "5",
      "notes": ""
    },
    {
      "orderGlobal": 43,
      "dynastyNumber": "4",
      "dynastyName": "Larsa Dynasty",
      "orderInDynasty": "12",
      "name": "Ṣilli-Adad",
      "date": "1835",
      "totalOfYears": "",
      "notes": ""
    },
    {
      "orderGlobal": 44,
      "dynastyNumber": "4",
      "dynastyName": "Larsa Dynasty",
      "orderInDynasty": "13",
      "name": "Warad-Sin",
      "date": "1834–1823",
      "totalOfYears": "12",
      "notes": ""
    },
    {
      "orderGlobal": 45,
      "dynastyNumber": "4",
      "dynastyName": "Larsa Dynasty",
      "orderInDynasty": "14",
      "name": "Rim-Sin I",
      "date": "1822–1763",
      "totalOfYears": "60",
      "notes": ""
    },
    {
      "orderGlobal": 46,
      "dynastyNumber": "5",
      "dynastyName": "First Dynasty of Babylon (Hammurapi Dynasty)",
      "orderInDynasty": "1",
      "name": "Sumuabum",
      "date": "1894–1881",
      "totalOfYears": "14",
      "notes": ""
    },
    {
      "orderGlobal": 47,
      "dynastyNumber": "5",
      "dynastyName": "First Dynasty of Babylon (Hammurapi Dynasty)",
      "orderInDynasty": "2",
      "name": "Sumulael",
      "date": "1880–1845",
      "totalOfYears": "36",
      "notes": ""
    },
    {
      "orderGlobal": 48,
      "dynastyNumber": "5",
      "dynastyName": "First Dynasty of Babylon (Hammurapi Dynasty)",
      "orderInDynasty": "3",
      "name": "Sabium",
      "date": "1844–1831",
      "totalOfYears": "14",
      "notes": ""
    },
    {
      "orderGlobal": 49,
      "dynastyNumber": "5",
      "dynastyName": "First Dynasty of Babylon (Hammurapi Dynasty)",
      "orderInDynasty": "4",
      "name": "Apil-Sin",
      "date": "1830–1813",
      "totalOfYears": "18",
      "notes": ""
    },
    {
      "orderGlobal": 50,
      "dynastyNumber": "5",
      "dynastyName": "First Dynasty of Babylon (Hammurapi Dynasty)",
      "orderInDynasty": "5",
      "name": "Sin-muballiṭ",
      "date": "1812–1793",
      "totalOfYears": "20",
      "notes": ""
    },
    {
      "orderGlobal": 51,
      "dynastyNumber": "5",
      "dynastyName": "First Dynasty of Babylon (Hammurapi Dynasty)",
      "orderInDynasty": "6",
      "name": "Hammurapi",
      "date": "1792–1750",
      "totalOfYears": "43",
      "notes": ""
    },
    {
      "orderGlobal": 52,
      "dynastyNumber": "5",
      "dynastyName": "First Dynasty of Babylon (Hammurapi Dynasty)",
      "orderInDynasty": "7",
      "name": "Samsuiluna",
      "date": "1749–1712",
      "totalOfYears": "38",
      "notes": ""
    },
    {
      "orderGlobal": 53,
      "dynastyNumber": "5",
      "dynastyName": "First Dynasty of Babylon (Hammurapi Dynasty)",
      "orderInDynasty": "8",
      "name": "Abi-ešuh",
      "date": "1711–1684",
      "totalOfYears": "28",
      "notes": ""
    },
    {
      "orderGlobal": 54,
      "dynastyNumber": "5",
      "dynastyName": "First Dynasty of Babylon (Hammurapi Dynasty)",
      "orderInDynasty": "9",
      "name": "Ammiditana",
      "date": "1683–1647",
      "totalOfYears": "37",
      "notes": ""
    },
    {
      "orderGlobal": 55,
      "dynastyNumber": "5",
      "dynastyName": "First Dynasty of Babylon (Hammurapi Dynasty)",
      "orderInDynasty": "10",
      "name": "Ammiṣaduqa",
      "date": "1646–1626",
      "totalOfYears": "21",
      "notes": ""
    },
    {
      "orderGlobal": 56,
      "dynastyNumber": "5",
      "dynastyName": "First Dynasty of Babylon (Hammurapi Dynasty)",
      "orderInDynasty": "11",
      "name": "Samsuditana",
      "date": "1625–1595",
      "totalOfYears": "31",
      "notes": ""
    },
    {
      "orderGlobal": 57,
      "dynastyNumber": "6",
      "dynastyName": "First Dynasty of the Sealand",
      "orderInDynasty": "1",
      "name": "Ilima-ilum",
      "date": "",
      "totalOfYears": "",
      "notes": ""
    },
    {
      "orderGlobal": 58,
      "dynastyNumber": "6",
      "dynastyName": "First Dynasty of the Sealand",
      "orderInDynasty": "2",
      "name": "Itti-ili-nibi",
      "date": "",
      "totalOfYears": "",
      "notes": ""
    },
    {
      "orderGlobal": 59,
      "dynastyNumber": "6",
      "dynastyName": "First Dynasty of the Sealand",
      "orderInDynasty": "3",
      "name": "Damqi-ilišu",
      "date": "",
      "totalOfYears": "",
      "notes": ""
    },
    {
      "orderGlobal": 60,
      "dynastyNumber": "6",
      "dynastyName": "First Dynasty of the Sealand",
      "orderInDynasty": "4",
      "name": "Iškibal",
      "date": "",
      "totalOfYears": "15",
      "notes": ""
    },
    {
      "orderGlobal": 61,
      "dynastyNumber": "6",
      "dynastyName": "First Dynasty of the Sealand",
      "orderInDynasty": "5",
      "name": "Šušši",
      "date": "",
      "totalOfYears": "24",
      "notes": ""
    },
    {
      "orderGlobal": 62,
      "dynastyNumber": "6",
      "dynastyName": "First Dynasty of the Sealand",
      "orderInDynasty": "6",
      "name": "Gulkišar",
      "date": "",
      "totalOfYears": "55",
      "notes": ""
    },
    {
      "orderGlobal": 63,
      "dynastyNumber": "6",
      "dynastyName": "First Dynasty of the Sealand",
      "orderInDynasty": "6a",
      "name": "ᴵDIŠ+U-EN",
      "date": "",
      "totalOfYears": "",
      "notes": ""
    },
    {
      "orderGlobal": 64,
      "dynastyNumber": "6",
      "dynastyName": "First Dynasty of the Sealand",
      "orderInDynasty": "7",
      "name": "Pešgaldarameš",
      "date": "",
      "totalOfYears": "50",
      "notes": ""
    },
    {
      "orderGlobal": 65,
      "dynastyNumber": "6",
      "dynastyName": "First Dynasty of the Sealand",
      "orderInDynasty": "8",
      "name": "Ayadarakalama",
      "date": "",
      "totalOfYears": "28",
      "notes": ""
    },
    {
      "orderGlobal": 66,
      "dynastyNumber": "6",
      "dynastyName": "First Dynasty of the Sealand",
      "orderInDynasty": "9",
      "name": "Akurduana",
      "date": "",
      "totalOfYears": "26",
      "notes": ""
    },
    {
      "orderGlobal": 67,
      "dynastyNumber": "6",
      "dynastyName": "First Dynasty of the Sealand",
      "orderInDynasty": "10",
      "name": "Melamkurkura",
      "date": "",
      "totalOfYears": "7",
      "notes": ""
    },
    {
      "orderGlobal": 68,
      "dynastyNumber": "6",
      "dynastyName": "First Dynasty of the Sealand",
      "orderInDynasty": "11",
      "name": "Ea-gamil",
      "date": "",
      "totalOfYears": "9",
      "notes": ""
    },
    {
      "orderGlobal": 69,
      "dynastyNumber": "7",
      "dynastyName": "Kassite Dynasty",
      "orderInDynasty": "1",
      "name": "Gandaš",
      "date": "",
      "totalOfYears": "26",
      "notes": ""
    },
    {
      "orderGlobal": 70,
      "dynastyNumber": "7",
      "dynastyName": "Kassite Dynasty",
      "orderInDynasty": "2",
      "name": "Agum I",
      "date": "",
      "totalOfYears": "22",
      "notes": ""
    },
    {
      "orderGlobal": 71,
      "dynastyNumber": "7",
      "dynastyName": "Kassite Dynasty",
      "orderInDynasty": "3",
      "name": "Kaštiliašu I",
      "date": "",
      "totalOfYears": "22",
      "notes": ""
    },
    {
      "orderGlobal": 72,
      "dynastyNumber": "7",
      "dynastyName": "Kassite Dynasty",
      "orderInDynasty": "4–5",
      "name": "(uncertain)",
      "date": "",
      "totalOfYears": "",
      "notes": ""
    },
    {
      "orderGlobal": 73,
      "dynastyNumber": "7",
      "dynastyName": "Kassite Dynasty",
      "orderInDynasty": "6",
      "name": "Urzigurumaš",
      "date": "",
      "totalOfYears": "",
      "notes": ""
    },
    {
      "orderGlobal": 74,
      "dynastyNumber": "7",
      "dynastyName": "Kassite Dynasty",
      "orderInDynasty": "7",
      "name": "Harba-x",
      "date": "",
      "totalOfYears": "",
      "notes": ""
    },
    {
      "orderGlobal": 75,
      "dynastyNumber": "7",
      "dynastyName": "Kassite Dynasty",
      "orderInDynasty": "",
      "name": "(…)",
      "date": "",
      "totalOfYears": "",
      "notes": ""
    },
    {
      "orderGlobal": 76,
      "dynastyNumber": "7",
      "dynastyName": "Kassite Dynasty",
      "orderInDynasty": "",
      "name": "Agum II",
      "date": "",
      "totalOfYears": "",
      "notes": ""
    },
    {
      "orderGlobal": 77,
      "dynastyNumber": "7",
      "dynastyName": "Kassite Dynasty",
      "orderInDynasty": "",
      "name": "(…)",
      "date": "",
      "totalOfYears": "",
      "notes": ""
    },
    {
      "orderGlobal": 78,
      "dynastyNumber": "7",
      "dynastyName": "Kassite Dynasty",
      "orderInDynasty": "10",
      "name": "Burna-Buriaš I",
      "date": "",
      "totalOfYears": "",
      "notes": ""
    },
    {
      "orderGlobal": 79,
      "dynastyNumber": "7",
      "dynastyName": "Kassite Dynasty",
      "orderInDynasty": "",
      "name": "(…)",
      "date": "",
      "totalOfYears": "",
      "notes": ""
    },
    {
      "orderGlobal": 80,
      "dynastyNumber": "7",
      "dynastyName": "Kassite Dynasty",
      "orderInDynasty": "",
      "name": "Kaštiliašu III",
      "date": "",
      "totalOfYears": "",
      "notes": ""
    },
    {
      "orderGlobal": 81,
      "dynastyNumber": "7",
      "dynastyName": "Kassite Dynasty",
      "orderInDynasty": "",
      "name": "(…)",
      "date": "",
      "totalOfYears": "",
      "notes": ""
    },
    {
      "orderGlobal": 82,
      "dynastyNumber": "7",
      "dynastyName": "Kassite Dynasty",
      "orderInDynasty": "",
      "name": "Agum III",
      "date": "",
      "totalOfYears": "",
      "notes": ""
    },
    {
      "orderGlobal": 83,
      "dynastyNumber": "7",
      "dynastyName": "Kassite Dynasty",
      "orderInDynasty": "",
      "name": "(…)",
      "date": "",
      "totalOfYears": "",
      "notes": ""
    },
    {
      "orderGlobal": 84,
      "dynastyNumber": "7",
      "dynastyName": "Kassite Dynasty",
      "orderInDynasty": "15",
      "name": "Karaindaš",
      "date": "",
      "totalOfYears": "",
      "notes": ""
    },
    {
      "orderGlobal": 85,
      "dynastyNumber": "7",
      "dynastyName": "Kassite Dynasty",
      "orderInDynasty": "16",
      "name": "Kadašman-Harbe I",
      "date": "",
      "totalOfYears": "",
      "notes": ""
    },
    {
      "orderGlobal": 86,
      "dynastyNumber": "7",
      "dynastyName": "Kassite Dynasty",
      "orderInDynasty": "17",
      "name": "Kurigalzu I",
      "date": "",
      "totalOfYears": "",
      "notes": ""
    },
    {
      "orderGlobal": 87,
      "dynastyNumber": "7",
      "dynastyName": "Kassite Dynasty",
      "orderInDynasty": "18",
      "name": "Kadašman-Enlil I",
      "date": "(1373)-1359",
      "totalOfYears": "15",
      "notes": ""
    },
    {
      "orderGlobal": 88,
      "dynastyNumber": "7",
      "dynastyName": "Kassite Dynasty",
      "orderInDynasty": "19",
      "name": "Burna-Buriaš II",
      "date": "1358–1331",
      "totalOfYears": "28",
      "notes": ""
    },
    {
      "orderGlobal": 89,
      "dynastyNumber": "7",
      "dynastyName": "Kassite Dynasty",
      "orderInDynasty": "20",
      "name": "Kara-hardaš",
      "date": "1331",
      "totalOfYears": "",
      "notes": ""
    },
    {
      "orderGlobal": 90,
      "dynastyNumber": "7",
      "dynastyName": "Kassite Dynasty",
      "orderInDynasty": "21",
      "name": "Nazi-Bugaš",
      "date": "1331",
      "totalOfYears": "",
      "notes": ""
    },
    {
      "orderGlobal": 91,
      "dynastyNumber": "7",
      "dynastyName": "Kassite Dynasty",
      "orderInDynasty": "22",
      "name": "Kurigalzu II",
      "date": "1330–1306",
      "totalOfYears": "25",
      "notes": ""
    },
    {
      "orderGlobal": 92,
      "dynastyNumber": "7",
      "dynastyName": "Kassite Dynasty",
      "orderInDynasty": "23",
      "name": "Nazi-Maruttaš",
      "date": "1305–1280",
      "totalOfYears": "26",
      "notes": ""
    },
    {
      "orderGlobal": 93,
      "dynastyNumber": "7",
      "dynastyName": "Kassite Dynasty",
      "orderInDynasty": "24",
      "name": "Kadašman-Turgu",
      "date": "1279–1262",
      "totalOfYears": "18",
      "notes": ""
    },
    {
      "orderGlobal": 94,
      "dynastyNumber": "7",
      "dynastyName": "Kassite Dynasty",
      "orderInDynasty": "25",
      "name": "Kadašman-Enlil II",
      "date": "1261–1253",
      "totalOfYears": "9",
      "notes": ""
    },
    {
      "orderGlobal": 95,
      "dynastyNumber": "7",
      "dynastyName": "Kassite Dynasty",
      "orderInDynasty": "26",
      "name": "Kudur-Enlil",
      "date": "1252–1244",
      "totalOfYears": "9",
      "notes": ""
    },
    {
      "orderGlobal": 96,
      "dynastyNumber": "7",
      "dynastyName": "Kassite Dynasty",
      "orderInDynasty": "27",
      "name": "Šagarakti-Šuriaš",
      "date": "1243–1231",
      "totalOfYears": "13",
      "notes": ""
    },
    {
      "orderGlobal": 97,
      "dynastyNumber": "7",
      "dynastyName": "Kassite Dynasty",
      "orderInDynasty": "28",
      "name": "Kaštiliašu (IV)",
      "date": "1230–1223",
      "totalOfYears": "8",
      "notes": ""
    },
    {
      "orderGlobal": 98,
      "dynastyNumber": "7",
      "dynastyName": "Kassite Dynasty",
      "orderInDynasty": "28a",
      "name": "Tukulti-Ninurta (I)",
      "date": "1223?",
      "totalOfYears": "",
      "notes": ""
    },
    {
      "orderGlobal": 99,
      "dynastyNumber": "7",
      "dynastyName": "Kassite Dynasty",
      "orderInDynasty": "29",
      "name": "Enlil-nadin-šumi",
      "date": "1222",
      "totalOfYears": "1",
      "notes": ""
    },
    {
      "orderGlobal": 100,
      "dynastyNumber": "7",
      "dynastyName": "Kassite Dynasty",
      "orderInDynasty": "30",
      "name": "Kadašman-Harbe II",
      "date": "1221",
      "totalOfYears": "1",
      "notes": ""
    },
    {
      "orderGlobal": 101,
      "dynastyNumber": "7",
      "dynastyName": "Kassite Dynasty",
      "orderInDynasty": "31",
      "name": "Adad-šuma-iddina",
      "date": "1220–1215",
      "totalOfYears": "6",
      "notes": ""
    },
    {
      "orderGlobal": 102,
      "dynastyNumber": "7",
      "dynastyName": "Kassite Dynasty",
      "orderInDynasty": "32",
      "name": "Adad-šuma-uṣur",
      "date": "1214–1185",
      "totalOfYears": "30",
      "notes": ""
    },
    {
      "orderGlobal": 103,
      "dynastyNumber": "7",
      "dynastyName": "Kassite Dynasty",
      "orderInDynasty": "33",
      "name": "Meli-Šipak",
      "date": "1184–1170",
      "totalOfYears": "15",
      "notes": ""
    },
    {
      "orderGlobal": 104,
      "dynastyNumber": "7",
      "dynastyName": "Kassite Dynasty",
      "orderInDynasty": "34",
      "name": "Marduk-apla-iddina I",
      "date": "1169–1157",
      "totalOfYears": "13",
      "notes": ""
    },
    {
      "orderGlobal": 105,
      "dynastyNumber": "7",
      "dynastyName": "Kassite Dynasty",
      "orderInDynasty": "35",
      "name": "Zababa-šuma-iddina",
      "date": "1156",
      "totalOfYears": "1",
      "notes": ""
    },
    {
      "orderGlobal": 106,
      "dynastyNumber": "7",
      "dynastyName": "Kassite Dynasty",
      "orderInDynasty": "36",
      "name": "Enlil-nadin-ahi",
      "date": "1155–1153",
      "totalOfYears": "3",
      "notes": ""
    },
    {
      "orderGlobal": 107,
      "dynastyNumber": "8",
      "dynastyName": "Second Dynasty of Isin",
      "orderInDynasty": "1",
      "name": "Marduk-kabit-ahhešu",
      "date": "1157–1140",
      "totalOfYears": "18",
      "notes": ""
    },
    {
      "orderGlobal": 108,
      "dynastyNumber": "8",
      "dynastyName": "Second Dynasty of Isin",
      "orderInDynasty": "2",
      "name": "Itti-Marduk-balaṭu",
      "date": "1139–1132",
      "totalOfYears": "8",
      "notes": ""
    },
    {
      "orderGlobal": 109,
      "dynastyNumber": "8",
      "dynastyName": "Second Dynasty of Isin",
      "orderInDynasty": "3",
      "name": "Ninurta-nadin-šumi",
      "date": "1131–1126",
      "totalOfYears": "6",
      "notes": ""
    },
    {
      "orderGlobal": 110,
      "dynastyNumber": "8",
      "dynastyName": "Second Dynasty of Isin",
      "orderInDynasty": "4",
      "name": "Nebuchadnezzar I",
      "date": "1125–1104",
      "totalOfYears": "22",
      "notes": ""
    },
    {
      "orderGlobal": 111,
      "dynastyNumber": "8",
      "dynastyName": "Second Dynasty of Isin",
      "orderInDynasty": "5",
      "name": "Enlil-nadin-apli",
      "date": "1103–1100",
      "totalOfYears": "4",
      "notes": ""
    },
    {
      "orderGlobal": 112,
      "dynastyNumber": "8",
      "dynastyName": "Second Dynasty of Isin",
      "orderInDynasty": "6",
      "name": "Marduk-nadin-ahhe",
      "date": "1099–1082",
      "totalOfYears": "18",
      "notes": ""
    },
    {
      "orderGlobal": 113,
      "dynastyNumber": "8",
      "dynastyName": "Second Dynasty of Isin",
      "orderInDynasty": "7",
      "name": "Marduk-šapik-zeri",
      "date": "1081–1069",
      "totalOfYears": "13",
      "notes": ""
    },
    {
      "orderGlobal": 114,
      "dynastyNumber": "8",
      "dynastyName": "Second Dynasty of Isin",
      "orderInDynasty": "8",
      "name": "Adad-apla-iddina",
      "date": "1068–1047",
      "totalOfYears": "22",
      "notes": ""
    },
    {
      "orderGlobal": 115,
      "dynastyNumber": "8",
      "dynastyName": "Second Dynasty of Isin",
      "orderInDynasty": "9",
      "name": "Marduk-ahhe-eriba",
      "date": "1046",
      "totalOfYears": "1",
      "notes": ""
    },
    {
      "orderGlobal": 116,
      "dynastyNumber": "8",
      "dynastyName": "Second Dynasty of Isin",
      "orderInDynasty": "10",
      "name": "Marduk-zer-x",
      "date": "1045–1034",
      "totalOfYears": "12",
      "notes": ""
    },
    {
      "orderGlobal": 117,
      "dynastyNumber": "8",
      "dynastyName": "Second Dynasty of Isin",
      "orderInDynasty": "11",
      "name": "Nabu-šumu-libur",
      "date": "1033–1026",
      "totalOfYears": "8",
      "notes": ""
    },
    {
      "orderGlobal": 118,
      "dynastyNumber": "9",
      "dynastyName": "Second Dynasty of the Sealand",
      "orderInDynasty": "1",
      "name": "Simbar-Šipak",
      "date": "1025–1008",
      "totalOfYears": "18",
      "notes": ""
    },
    {
      "orderGlobal": 119,
      "dynastyNumber": "9",
      "dynastyName": "Second Dynasty of the Sealand",
      "orderInDynasty": "2",
      "name": "Ea-mukin-zeri",
      "date": "1008",
      "totalOfYears": "5 months",
      "notes": ""
    },
    {
      "orderGlobal": 120,
      "dynastyNumber": "9",
      "dynastyName": "Second Dynasty of the Sealand",
      "orderInDynasty": "3",
      "name": "Kaššu-nadin-ahhe",
      "date": "1007–1005",
      "totalOfYears": "3",
      "notes": ""
    },
    {
      "orderGlobal": 121,
      "dynastyNumber": "10",
      "dynastyName": "Bazi Dynasty",
      "orderInDynasty": "1",
      "name": "Eulmaš-šakin-šumi",
      "date": "1004–988",
      "totalOfYears": "17",
      "notes": ""
    },
    {
      "orderGlobal": 122,
      "dynastyNumber": "10",
      "dynastyName": "Bazi Dynasty",
      "orderInDynasty": "2",
      "name": "Ninurta-kudurri-uṣur I",
      "date": "987–985",
      "totalOfYears": "3",
      "notes": ""
    },
    {
      "orderGlobal": 123,
      "dynastyNumber": "10",
      "dynastyName": "Bazi Dynasty",
      "orderInDynasty": "3",
      "name": "Širikti-Šuqamuna",
      "date": "985",
      "totalOfYears": "3 months",
      "notes": ""
    },
    {
      "orderGlobal": 124,
      "dynastyNumber": "11",
      "dynastyName": "Elamite Dynasty",
      "orderInDynasty": "1",
      "name": "Mar-biti-apla-uṣur",
      "date": "984–979",
      "totalOfYears": "6",
      "notes": ""
    },
    {
      "orderGlobal": 125,
      "dynastyNumber": "12",
      "dynastyName": "Miscellaneous Dynasties",
      "orderInDynasty": "1",
      "name": "Nabu-mukin-apli",
      "date": "978–943",
      "totalOfYears": "36",
      "notes": ""
    },
    {
      "orderGlobal": 126,
      "dynastyNumber": "12",
      "dynastyName": "Miscellaneous Dynasties",
      "orderInDynasty": "2",
      "name": "Ninurta-kudurri-uṣur II",
      "date": "943",
      "totalOfYears": "8 months",
      "notes": ""
    },
    {
      "orderGlobal": 127,
      "dynastyNumber": "12",
      "dynastyName": "Miscellaneous Dynasties",
      "orderInDynasty": "3",
      "name": "Mar-biti-ahhe-iddina",
      "date": "942-?",
      "totalOfYears": "",
      "notes": ""
    },
    {
      "orderGlobal": 128,
      "dynastyNumber": "12",
      "dynastyName": "Miscellaneous Dynasties",
      "orderInDynasty": "4",
      "name": "Šamaš-mudammiq",
      "date": "?-c. 900",
      "totalOfYears": "",
      "notes": ""
    },
    {
      "orderGlobal": 129,
      "dynastyNumber": "12",
      "dynastyName": "Miscellaneous Dynasties",
      "orderInDynasty": "5",
      "name": "Nabu-šuma-ukin I",
      "date": "c. 899-c. 888",
      "totalOfYears": "",
      "notes": ""
    },
    {
      "orderGlobal": 130,
      "dynastyNumber": "12",
      "dynastyName": "Miscellaneous Dynasties",
      "orderInDynasty": "6",
      "name": "Nabu-apla-iddina",
      "date": "c. 887–851",
      "totalOfYears": "",
      "notes": ""
    },
    {
      "orderGlobal": 131,
      "dynastyNumber": "12",
      "dynastyName": "Miscellaneous Dynasties",
      "orderInDynasty": "7",
      "name": "Marduk-zakir-šumi I",
      "date": "850-c. 819",
      "totalOfYears": "",
      "notes": ""
    },
    {
      "orderGlobal": 132,
      "dynastyNumber": "12",
      "dynastyName": "Miscellaneous Dynasties",
      "orderInDynasty": "8",
      "name": "Marduk-balassu-iqbi",
      "date": "c. 818-c. 813",
      "totalOfYears": "",
      "notes": ""
    },
    {
      "orderGlobal": 133,
      "dynastyNumber": "12",
      "dynastyName": "Miscellaneous Dynasties",
      "orderInDynasty": "9",
      "name": "Baba-aha-iddina",
      "date": "c. 812",
      "totalOfYears": "",
      "notes": ""
    },
    {
      "orderGlobal": 134,
      "dynastyNumber": "12",
      "dynastyName": "Miscellaneous Dynasties",
      "orderInDynasty": "",
      "name": "(interregnum)",
      "date": "",
      "totalOfYears": "",
      "notes": ""
    },
    {
      "orderGlobal": 135,
      "dynastyNumber": "12",
      "dynastyName": "Miscellaneous Dynasties",
      "orderInDynasty": "10",
      "name": "Ninurta-apl?-[x]",
      "date": "",
      "totalOfYears": "",
      "notes": ""
    },
    {
      "orderGlobal": 136,
      "dynastyNumber": "12",
      "dynastyName": "Miscellaneous Dynasties",
      "orderInDynasty": "11",
      "name": "Marduk-bel-zeri",
      "date": "",
      "totalOfYears": "",
      "notes": ""
    },
    {
      "orderGlobal": 137,
      "dynastyNumber": "12",
      "dynastyName": "Miscellaneous Dynasties",
      "orderInDynasty": "12",
      "name": "Marduk-apla-uṣur",
      "date": "",
      "totalOfYears": "",
      "notes": ""
    },
    {
      "orderGlobal": 138,
      "dynastyNumber": "12",
      "dynastyName": "Miscellaneous Dynasties",
      "orderInDynasty": "13",
      "name": "Eriba-Marduk",
      "date": "",
      "totalOfYears": "",
      "notes": ""
    },
    {
      "orderGlobal": 139,
      "dynastyNumber": "12",
      "dynastyName": "Miscellaneous Dynasties",
      "orderInDynasty": "14",
      "name": "Nabu-šuma-iškun",
      "date": "(760)-748",
      "totalOfYears": "13",
      "notes": ""
    },
    {
      "orderGlobal": 140,
      "dynastyNumber": "12",
      "dynastyName": "Miscellaneous Dynasties",
      "orderInDynasty": "15",
      "name": "Nabu-naṣir",
      "date": "747–734",
      "totalOfYears": "14",
      "notes": ""
    },
    {
      "orderGlobal": 141,
      "dynastyNumber": "12",
      "dynastyName": "Miscellaneous Dynasties",
      "orderInDynasty": "16",
      "name": "Nabu-nadin-zeri",
      "date": "733–732",
      "totalOfYears": "2",
      "notes": ""
    },
    {
      "orderGlobal": 142,
      "dynastyNumber": "12",
      "dynastyName": "Miscellaneous Dynasties",
      "orderInDynasty": "17",
      "name": "Nabu-šuma-ukin II",
      "date": "732",
      "totalOfYears": "1 month",
      "notes": ""
    },
    {
      "orderGlobal": 143,
      "dynastyNumber": "12",
      "dynastyName": "Miscellaneous Dynasties",
      "orderInDynasty": "18",
      "name": "Nabu-mukin-zeri",
      "date": "731–729",
      "totalOfYears": "3",
      "notes": ""
    },
    {
      "orderGlobal": 144,
      "dynastyNumber": "12",
      "dynastyName": "Miscellaneous Dynasties",
      "orderInDynasty": "19",
      "name": "Tiglath-pileser / Pulu",
      "date": "728–727",
      "totalOfYears": "2",
      "notes": ""
    },
    {
      "orderGlobal": 145,
      "dynastyNumber": "12",
      "dynastyName": "Miscellaneous Dynasties",
      "orderInDynasty": "20",
      "name": "Shalmaneser / Ululayu",
      "date": "726–722",
      "totalOfYears": "5",
      "notes": ""
    },
    {
      "orderGlobal": 146,
      "dynastyNumber": "12",
      "dynastyName": "Miscellaneous Dynasties",
      "orderInDynasty": "21",
      "name": "Merodach-Baladan (II)",
      "date": "721–710",
      "totalOfYears": "12",
      "notes": ""
    },
    {
      "orderGlobal": 147,
      "dynastyNumber": "12",
      "dynastyName": "Miscellaneous Dynasties",
      "orderInDynasty": "22",
      "name": "Sargon II",
      "date": "709–705",
      "totalOfYears": "5",
      "notes": ""
    },
    {
      "orderGlobal": 148,
      "dynastyNumber": "12",
      "dynastyName": "Miscellaneous Dynasties",
      "orderInDynasty": "23",
      "name": "Sennacherib",
      "date": "704–703",
      "totalOfYears": "2",
      "notes": ""
    },
    {
      "orderGlobal": 149,
      "dynastyNumber": "12",
      "dynastyName": "Miscellaneous Dynasties",
      "orderInDynasty": "24",
      "name": "Marduk-zakir-šumi II",
      "date": "703",
      "totalOfYears": "1 month",
      "notes": ""
    },
    {
      "orderGlobal": 150,
      "dynastyNumber": "12",
      "dynastyName": "Miscellaneous Dynasties",
      "orderInDynasty": "25",
      "name": "Merodach-Baladan (II)",
      "date": "703",
      "totalOfYears": "9 months",
      "notes": ""
    },
    {
      "orderGlobal": 151,
      "dynastyNumber": "12",
      "dynastyName": "Miscellaneous Dynasties",
      "orderInDynasty": "26",
      "name": "Bel-ibni",
      "date": "702–700",
      "totalOfYears": "3",
      "notes": ""
    },
    {
      "orderGlobal": 152,
      "dynastyNumber": "12",
      "dynastyName": "Miscellaneous Dynasties",
      "orderInDynasty": "27",
      "name": "Aššur-nadin-šumi",
      "date": "699–694",
      "totalOfYears": "6",
      "notes": ""
    },
    {
      "orderGlobal": 153,
      "dynastyNumber": "12",
      "dynastyName": "Miscellaneous Dynasties",
      "orderInDynasty": "28",
      "name": "Nergal-ušezib",
      "date": "693",
      "totalOfYears": "1",
      "notes": ""
    },
    {
      "orderGlobal": 154,
      "dynastyNumber": "12",
      "dynastyName": "Miscellaneous Dynasties",
      "orderInDynasty": "29",
      "name": "Mušezib-Marduk",
      "date": "692–689",
      "totalOfYears": "4",
      "notes": ""
    },
    {
      "orderGlobal": 155,
      "dynastyNumber": "12",
      "dynastyName": "Miscellaneous Dynasties",
      "orderInDynasty": "30",
      "name": "Sennacherib",
      "date": "688–681",
      "totalOfYears": "8",
      "notes": ""
    },
    {
      "orderGlobal": 156,
      "dynastyNumber": "12",
      "dynastyName": "Miscellaneous Dynasties",
      "orderInDynasty": "31",
      "name": "Esarhaddon",
      "date": "680–669",
      "totalOfYears": "12",
      "notes": ""
    },
    {
      "orderGlobal": 157,
      "dynastyNumber": "12",
      "dynastyName": "Miscellaneous Dynasties",
      "orderInDynasty": "31a",
      "name": "Ashurbanipal",
      "date": "668",
      "totalOfYears": "1",
      "notes": ""
    },
    {
      "orderGlobal": 158,
      "dynastyNumber": "12",
      "dynastyName": "Miscellaneous Dynasties",
      "orderInDynasty": "32",
      "name": "Šamaš-šum-ukin",
      "date": "667–648",
      "totalOfYears": "20",
      "notes": ""
    },
    {
      "orderGlobal": 159,
      "dynastyNumber": "12",
      "dynastyName": "Miscellaneous Dynasties",
      "orderInDynasty": "33",
      "name": "Kandalanu",
      "date": "647–627",
      "totalOfYears": "21",
      "notes": ""
    },
    {
      "orderGlobal": 160,
      "dynastyNumber": "12",
      "dynastyName": "Miscellaneous Dynasties",
      "orderInDynasty": "",
      "name": "(interregnum)",
      "date": "626",
      "totalOfYears": "1",
      "notes": ""
    },
    {
      "orderGlobal": 161,
      "dynastyNumber": "13",
      "dynastyName": "Neo-Babylonian Dynasty",
      "orderInDynasty": "1",
      "name": "Nabopolassar",
      "date": "625–605",
      "totalOfYears": "21",
      "notes": ""
    },
    {
      "orderGlobal": 162,
      "dynastyNumber": "13",
      "dynastyName": "Neo-Babylonian Dynasty",
      "orderInDynasty": "2",
      "name": "Nebuchadnezzar II",
      "date": "604–562",
      "totalOfYears": "43",
      "notes": ""
    },
    {
      "orderGlobal": 163,
      "dynastyNumber": "13",
      "dynastyName": "Neo-Babylonian Dynasty",
      "orderInDynasty": "3",
      "name": "Evil-Merodach",
      "date": "561–560",
      "totalOfYears": "2",
      "notes": ""
    },
    {
      "orderGlobal": 164,
      "dynastyNumber": "13",
      "dynastyName": "Neo-Babylonian Dynasty",
      "orderInDynasty": "4",
      "name": "Neriglissar",
      "date": "559–556",
      "totalOfYears": "4",
      "notes": ""
    },
    {
      "orderGlobal": 165,
      "dynastyNumber": "13",
      "dynastyName": "Neo-Babylonian Dynasty",
      "orderInDynasty": "5",
      "name": "Labaši-Marduk",
      "date": "556",
      "totalOfYears": "3 months",
      "notes": ""
    },
    {
      "orderGlobal": 166,
      "dynastyNumber": "13",
      "dynastyName": "Neo-Babylonian Dynasty",
      "orderInDynasty": "6",
      "name": "Nabonidus",
      "date": "555–539",
      "totalOfYears": "17",
      "notes": ""
    },
    {
      "orderGlobal": 167,
      "dynastyNumber": "14",
      "dynastyName": "Persian Rulers",
      "orderInDynasty": "1",
      "name": "Cyrus",
      "date": "538–530",
      "totalOfYears": "9",
      "notes": ""
    },
    {
      "orderGlobal": 168,
      "dynastyNumber": "14",
      "dynastyName": "Persian Rulers",
      "orderInDynasty": "2",
      "name": "Cambyses",
      "date": "529–522",
      "totalOfYears": "8",
      "notes": ""
    },
    {
      "orderGlobal": 169,
      "dynastyNumber": "14",
      "dynastyName": "Persian Rulers",
      "orderInDynasty": "2a",
      "name": "Bardiya",
      "date": "522",
      "totalOfYears": "",
      "notes": ""
    },
    {
      "orderGlobal": 170,
      "dynastyNumber": "14",
      "dynastyName": "Persian Rulers",
      "orderInDynasty": "2b",
      "name": "Nebuchadnezzar III",
      "date": "522",
      "totalOfYears": "",
      "notes": ""
    },
    {
      "orderGlobal": 171,
      "dynastyNumber": "14",
      "dynastyName": "Persian Rulers",
      "orderInDynasty": "2c",
      "name": "Nebuchadnezzar IV",
      "date": "521",
      "totalOfYears": "",
      "notes": ""
    },
    {
      "orderGlobal": 172,
      "dynastyNumber": "14",
      "dynastyName": "Persian Rulers",
      "orderInDynasty": "3",
      "name": "Darius I",
      "date": "521–486",
      "totalOfYears": "36",
      "notes": ""
    },
    {
      "orderGlobal": 173,
      "dynastyNumber": "14",
      "dynastyName": "Persian Rulers",
      "orderInDynasty": "4",
      "name": "Xerxes (I)",
      "date": "485–465",
      "totalOfYears": "21",
      "notes": ""
    },
    {
      "orderGlobal": 174,
      "dynastyNumber": "14",
      "dynastyName": "Persian Rulers",
      "orderInDynasty": "4a",
      "name": "Bel-šimanni",
      "date": "484",
      "totalOfYears": "",
      "notes": ""
    },
    {
      "orderGlobal": 175,
      "dynastyNumber": "14",
      "dynastyName": "Persian Rulers",
      "orderInDynasty": "4b",
      "name": "Šamaš-eriba",
      "date": "484",
      "totalOfYears": "",
      "notes": ""
    },
    {
      "orderGlobal": 176,
      "dynastyNumber": "14",
      "dynastyName": "Persian Rulers",
      "orderInDynasty": "5",
      "name": "Artaxerxes I",
      "date": "464–424",
      "totalOfYears": "41",
      "notes": ""
    },
    {
      "orderGlobal": 177,
      "dynastyNumber": "14",
      "dynastyName": "Persian Rulers",
      "orderInDynasty": "6",
      "name": "Darius II",
      "date": "423–405",
      "totalOfYears": "19",
      "notes": ""
    },
    {
      "orderGlobal": 178,
      "dynastyNumber": "14",
      "dynastyName": "Persian Rulers",
      "orderInDynasty": "7",
      "name": "Artaxerxes II Mnemon",
      "date": "404–359",
      "totalOfYears": "46",
      "notes": ""
    },
    {
      "orderGlobal": 179,
      "dynastyNumber": "14",
      "dynastyName": "Persian Rulers",
      "orderInDynasty": "8",
      "name": "Artaxerxes III Ochus",
      "date": "358–338",
      "totalOfYears": "21",
      "notes": ""
    },
    {
      "orderGlobal": 180,
      "dynastyNumber": "14",
      "dynastyName": "Persian Rulers",
      "orderInDynasty": "9",
      "name": "Artaxerxes IV Arses",
      "date": "337–336",
      "totalOfYears": "2",
      "notes": ""
    },
    {
      "orderGlobal": 181,
      "dynastyNumber": "14",
      "dynastyName": "Persian Rulers",
      "orderInDynasty": "10",
      "name": "Darius III",
      "date": "335–331",
      "totalOfYears": "5",
      "notes": ""
    },
    {
      "orderGlobal": 182,
      "dynastyNumber": "15",
      "dynastyName": "Macedonian Rulers",
      "orderInDynasty": "1",
      "name": "Alexander (III)",
      "date": "330–323",
      "totalOfYears": "",
      "notes": ""
    },
    {
      "orderGlobal": 183,
      "dynastyNumber": "15",
      "dynastyName": "Macedonian Rulers",
      "orderInDynasty": "2",
      "name": "Philip Arrhidaeus",
      "date": "323–316",
      "totalOfYears": "",
      "notes": ""
    },
    {
      "orderGlobal": 184,
      "dynastyNumber": "15",
      "dynastyName": "Macedonian Rulers",
      "orderInDynasty": "3",
      "name": "Antigonus",
      "date": "315–311",
      "totalOfYears": "",
      "notes": ""
    },
    {
      "orderGlobal": 185,
      "dynastyNumber": "15",
      "dynastyName": "Macedonian Rulers",
      "orderInDynasty": "4",
      "name": "Alexander (IV)",
      "date": "311–306",
      "totalOfYears": "",
      "notes": ""
    },
    {
      "orderGlobal": 186,
      "dynastyNumber": "16",
      "dynastyName": "Seleucid Rulers",
      "orderInDynasty": "1",
      "name": "Seleucus I Nicator",
      "date": "305–281",
      "totalOfYears": "",
      "notes": ""
    },
    {
      "orderGlobal": 187,
      "dynastyNumber": "16",
      "dynastyName": "Seleucid Rulers",
      "orderInDynasty": "2",
      "name": "Antiochus I Soter",
      "date": "281–261",
      "totalOfYears": "",
      "notes": ""
    },
    {
      "orderGlobal": 188,
      "dynastyNumber": "16",
      "dynastyName": "Seleucid Rulers",
      "orderInDynasty": "3",
      "name": "Antiochus II Theos",
      "date": "261–246",
      "totalOfYears": "",
      "notes": ""
    },
    {
      "orderGlobal": 189,
      "dynastyNumber": "16",
      "dynastyName": "Seleucid Rulers",
      "orderInDynasty": "4",
      "name": "Seleucus II Callinicus",
      "date": "246–225",
      "totalOfYears": "",
      "notes": ""
    },
    {
      "orderGlobal": 190,
      "dynastyNumber": "16",
      "dynastyName": "Seleucid Rulers",
      "orderInDynasty": "5",
      "name": "Seleucus III Soter",
      "date": "225–223",
      "totalOfYears": "",
      "notes": ""
    },
    {
      "orderGlobal": 191,
      "dynastyNumber": "16",
      "dynastyName": "Seleucid Rulers",
      "orderInDynasty": "6",
      "name": "Antiochus III (the Great)",
      "date": "222–187",
      "totalOfYears": "",
      "notes": ""
    },
    {
      "orderGlobal": 192,
      "dynastyNumber": "16",
      "dynastyName": "Seleucid Rulers",
      "orderInDynasty": "7",
      "name": "Seleucus IV Philopator",
      "date": "187–175",
      "totalOfYears": "",
      "notes": ""
    },
    {
      "orderGlobal": 193,
      "dynastyNumber": "16",
      "dynastyName": "Seleucid Rulers",
      "orderInDynasty": "8",
      "name": "Antiochus IV Epiphanes",
      "date": "175–164",
      "totalOfYears": "",
      "notes": ""
    },
    {
      "orderGlobal": 194,
      "dynastyNumber": "16",
      "dynastyName": "Seleucid Rulers",
      "orderInDynasty": "9",
      "name": "Antiochus V Eupator",
      "date": "164–162",
      "totalOfYears": "",
      "notes": ""
    },
    {
      "orderGlobal": 195,
      "dynastyNumber": "16",
      "dynastyName": "Seleucid Rulers",
      "orderInDynasty": "10",
      "name": "Demetrius I Soter",
      "date": "162–150",
      "totalOfYears": "",
      "notes": ""
    },
    {
      "orderGlobal": 196,
      "dynastyNumber": "16",
      "dynastyName": "Seleucid Rulers",
      "orderInDynasty": "11",
      "name": "Alexander I Balas",
      "date": "150–145",
      "totalOfYears": "",
      "notes": ""
    },
    {
      "orderGlobal": 197,
      "dynastyNumber": "16",
      "dynastyName": "Seleucid Rulers",
      "orderInDynasty": "12",
      "name": "Demetrius II Nicator",
      "date": "145–138",
      "totalOfYears": "",
      "notes": ""
    },
    {
      "orderGlobal": 198,
      "dynastyNumber": "16",
      "dynastyName": "Seleucid Rulers",
      "orderInDynasty": "13",
      "name": "Antiochus VI Epiphanes",
      "date": "145–142",
      "totalOfYears": "",
      "notes": ""
    },
    {
      "orderGlobal": 199,
      "dynastyNumber": "16",
      "dynastyName": "Seleucid Rulers",
      "orderInDynasty": "14",
      "name": "Antiochus VII Sidetes",
      "date": "138–129",
      "totalOfYears": "",
      "notes": ""
    },
    {
      "orderGlobal": 200,
      "dynastyNumber": "16",
      "dynastyName": "Seleucid Rulers",
      "orderInDynasty": "15",
      "name": "Demetrius II Nicator",
      "date": "129–125",
      "totalOfYears": "",
      "notes": ""
    },
    {
      "orderGlobal": 201,
      "dynastyNumber": "16",
      "dynastyName": "Seleucid Rulers",
      "orderInDynasty": "16",
      "name": "Alexander II Zabinas",
      "date": "128–123",
      "totalOfYears": "",
      "notes": ""
    },
    {
      "orderGlobal": 202,
      "dynastyNumber": "16",
      "dynastyName": "Seleucid Rulers",
      "orderInDynasty": "17",
      "name": "Antiochus VIII Grypus",
      "date": "125–96",
      "totalOfYears": "",
      "notes": ""
    },
    {
      "orderGlobal": 203,
      "dynastyNumber": "16",
      "dynastyName": "Seleucid Rulers",
      "orderInDynasty": "18",
      "name": "Seleucus V Philometor",
      "date": "125",
      "totalOfYears": "",
      "notes": ""
    },
    {
      "orderGlobal": 204,
      "dynastyNumber": "16",
      "dynastyName": "Seleucid Rulers",
      "orderInDynasty": "19",
      "name": "Antiochus IX Cyzicenus",
      "date": "116–96",
      "totalOfYears": "",
      "notes": ""
    },
    {
      "orderGlobal": 205,
      "dynastyNumber": "16",
      "dynastyName": "Seleucid Rulers",
      "orderInDynasty": "20",
      "name": "Demetrius III",
      "date": "96–87",
      "totalOfYears": "",
      "notes": ""
    },
    {
      "orderGlobal": 206,
      "dynastyNumber": "16",
      "dynastyName": "Seleucid Rulers",
      "orderInDynasty": "21",
      "name": "Seleucus VI Epiphanes Nicator",
      "date": "96–94",
      "totalOfYears": "",
      "notes": ""
    },
    {
      "orderGlobal": 207,
      "dynastyNumber": "16",
      "dynastyName": "Seleucid Rulers",
      "orderInDynasty": "22",
      "name": "Antiochus X Eusebes",
      "date": "95–88?",
      "totalOfYears": "",
      "notes": ""
    },
    {
      "orderGlobal": 208,
      "dynastyNumber": "16",
      "dynastyName": "Seleucid Rulers",
      "orderInDynasty": "23",
      "name": "Antiochus XI Epiphanes Philadelphus",
      "date": "93?",
      "totalOfYears": "",
      "notes": ""
    },
    {
      "orderGlobal": 209,
      "dynastyNumber": "16",
      "dynastyName": "Seleucid Rulers",
      "orderInDynasty": "24",
      "name": "Philip I",
      "date": "94–83",
      "totalOfYears": "",
      "notes": ""
    },
    {
      "orderGlobal": 210,
      "dynastyNumber": "16",
      "dynastyName": "Seleucid Rulers",
      "orderInDynasty": "25",
      "name": "AntiochusXII Dionysus",
      "date": "87–83",
      "totalOfYears": "",
      "notes": ""
    },
    {
      "orderGlobal": 211,
      "dynastyNumber": "16",
      "dynastyName": "Seleucid Rulers",
      "orderInDynasty": "26",
      "name": "Antiochus XIII Asiaticus",
      "date": "69–64",
      "totalOfYears": "",
      "notes": ""
    },
    {
      "orderGlobal": 212,
      "dynastyNumber": "16",
      "dynastyName": "Seleucid Rulers",
      "orderInDynasty": "27",
      "name": "Philip II",
      "date": "65–64",
      "totalOfYears": "",
      "notes": ""
    },
    {
      "orderGlobal": 213,
      "dynastyNumber": "17",
      "dynastyName": "Parthian or Arsacid Rulers",
      "orderInDynasty": "1",
      "name": "Arsaces I",
      "date": "247–211?",
      "totalOfYears": "",
      "notes": ""
    },
    {
      "orderGlobal": 214,
      "dynastyNumber": "17",
      "dynastyName": "Parthian or Arsacid Rulers",
      "orderInDynasty": "2",
      "name": "Arsaces II",
      "date": "211?-191",
      "totalOfYears": "",
      "notes": ""
    },
    {
      "orderGlobal": 215,
      "dynastyNumber": "17",
      "dynastyName": "Parthian or Arsacid Rulers",
      "orderInDynasty": "3",
      "name": "Phriapatius",
      "date": "191–176",
      "totalOfYears": "",
      "notes": ""
    },
    {
      "orderGlobal": 216,
      "dynastyNumber": "17",
      "dynastyName": "Parthian or Arsacid Rulers",
      "orderInDynasty": "4",
      "name": "Phraates I",
      "date": "176–171",
      "totalOfYears": "",
      "notes": ""
    },
    {
      "orderGlobal": 217,
      "dynastyNumber": "17",
      "dynastyName": "Parthian or Arsacid Rulers",
      "orderInDynasty": "5",
      "name": "Mithradates I",
      "date": "171–138",
      "totalOfYears": "",
      "notes": ""
    },
    {
      "orderGlobal": 218,
      "dynastyNumber": "17",
      "dynastyName": "Parthian or Arsacid Rulers",
      "orderInDynasty": "6",
      "name": "Phraates II",
      "date": "138–128",
      "totalOfYears": "",
      "notes": ""
    },
    {
      "orderGlobal": 219,
      "dynastyNumber": "17",
      "dynastyName": "Parthian or Arsacid Rulers",
      "orderInDynasty": "7",
      "name": "Artabanus I",
      "date": "127–124",
      "totalOfYears": "",
      "notes": ""
    },
    {
      "orderGlobal": 220,
      "dynastyNumber": "17",
      "dynastyName": "Parthian or Arsacid Rulers",
      "orderInDynasty": "8",
      "name": "Mithradates II",
      "date": "124–88",
      "totalOfYears": "",
      "notes": ""
    },
    {
      "orderGlobal": 221,
      "dynastyNumber": "17",
      "dynastyName": "Parthian or Arsacid Rulers",
      "orderInDynasty": "9",
      "name": "Gotarzes I",
      "date": "91–80",
      "totalOfYears": "",
      "notes": ""
    },
    {
      "orderGlobal": 222,
      "dynastyNumber": "17",
      "dynastyName": "Parthian or Arsacid Rulers",
      "orderInDynasty": "10",
      "name": "Orodes I",
      "date": "80–75",
      "totalOfYears": "",
      "notes": ""
    },
    {
      "orderGlobal": 223,
      "dynastyNumber": "17",
      "dynastyName": "Parthian or Arsacid Rulers",
      "orderInDynasty": "11",
      "name": "Sinatruces",
      "date": "77–70",
      "totalOfYears": "",
      "notes": ""
    },
    {
      "orderGlobal": 224,
      "dynastyNumber": "17",
      "dynastyName": "Parthian or Arsacid Rulers",
      "orderInDynasty": "12",
      "name": "Phraates III",
      "date": "70–57",
      "totalOfYears": "",
      "notes": ""
    },
    {
      "orderGlobal": 225,
      "dynastyNumber": "17",
      "dynastyName": "Parthian or Arsacid Rulers",
      "orderInDynasty": "13",
      "name": "Orodes II",
      "date": "57–37",
      "totalOfYears": "",
      "notes": ""
    },
    {
      "orderGlobal": 226,
      "dynastyNumber": "17",
      "dynastyName": "Parthian or Arsacid Rulers",
      "orderInDynasty": "14",
      "name": "Phraates IV",
      "date": "37–2",
      "totalOfYears": "",
      "notes": ""
    },
    {
      "orderGlobal": 227,
      "dynastyNumber": "17",
      "dynastyName": "Parthian or Arsacid Rulers",
      "orderInDynasty": "15",
      "name": "Phraates V",
      "date": "2 BCE - 4 CE",
      "totalOfYears": "",
      "notes": ""
    },
    {
      "orderGlobal": 228,
      "dynastyNumber": "17",
      "dynastyName": "Parthian or Arsacid Rulers",
      "orderInDynasty": "16",
      "name": "Orodes III",
      "date": "4–6",
      "totalOfYears": "",
      "notes": ""
    },
    {
      "orderGlobal": 229,
      "dynastyNumber": "17",
      "dynastyName": "Parthian or Arsacid Rulers",
      "orderInDynasty": "17",
      "name": "Vonones",
      "date": "8–12",
      "totalOfYears": "",
      "notes": ""
    },
    {
      "orderGlobal": 230,
      "dynastyNumber": "17",
      "dynastyName": "Parthian or Arsacid Rulers",
      "orderInDynasty": "18",
      "name": "Artabanus II",
      "date": "10–38",
      "totalOfYears": "",
      "notes": ""
    },
    {
      "orderGlobal": 231,
      "dynastyNumber": "17",
      "dynastyName": "Parthian or Arsacid Rulers",
      "orderInDynasty": "19",
      "name": "Vardanes",
      "date": "40–47",
      "totalOfYears": "",
      "notes": ""
    },
    {
      "orderGlobal": 232,
      "dynastyNumber": "17",
      "dynastyName": "Parthian or Arsacid Rulers",
      "orderInDynasty": "20",
      "name": "Gotarzes II",
      "date": "38–51",
      "totalOfYears": "",
      "notes": ""
    },
    {
      "orderGlobal": 233,
      "dynastyNumber": "17",
      "dynastyName": "Parthian or Arsacid Rulers",
      "orderInDynasty": "21",
      "name": "Vologases I",
      "date": "51–78",
      "totalOfYears": "",
      "notes": ""
    },
    {
      "orderGlobal": 234,
      "dynastyNumber": "17",
      "dynastyName": "Parthian or Arsacid Rulers",
      "orderInDynasty": "22",
      "name": "Vologases II",
      "date": "77–80",
      "totalOfYears": "",
      "notes": ""
    },
    {
      "orderGlobal": 235,
      "dynastyNumber": "17",
      "dynastyName": "Parthian or Arsacid Rulers",
      "orderInDynasty": "23",
      "name": "Pacorus (II)",
      "date": "78–105",
      "totalOfYears": "",
      "notes": ""
    },
    {
      "orderGlobal": 236,
      "dynastyNumber": "17",
      "dynastyName": "Parthian or Arsacid Rulers",
      "orderInDynasty": "24",
      "name": "Artabanus III",
      "date": "79–81",
      "totalOfYears": "",
      "notes": ""
    },
    {
      "orderGlobal": 237,
      "dynastyNumber": "17",
      "dynastyName": "Parthian or Arsacid Rulers",
      "orderInDynasty": "25",
      "name": "Vologases III",
      "date": "111–146",
      "totalOfYears": "",
      "notes": ""
    },
    {
      "orderGlobal": 238,
      "dynastyNumber": "17",
      "dynastyName": "Parthian or Arsacid Rulers",
      "orderInDynasty": "26",
      "name": "Osroes",
      "date": "109–129",
      "totalOfYears": "",
      "notes": ""
    },
    {
      "orderGlobal": 239,
      "dynastyNumber": "17",
      "dynastyName": "Parthian or Arsacid Rulers",
      "orderInDynasty": "27",
      "name": "Vologases IV",
      "date": "147–191",
      "totalOfYears": "",
      "notes": ""
    },
    {
      "orderGlobal": 240,
      "dynastyNumber": "17",
      "dynastyName": "Parthian or Arsacid Rulers",
      "orderInDynasty": "28",
      "name": "Vologases V",
      "date": "191–208",
      "totalOfYears": "",
      "notes": ""
    },
    {
      "orderGlobal": 241,
      "dynastyNumber": "17",
      "dynastyName": "Parthian or Arsacid Rulers",
      "orderInDynasty": "29",
      "name": "Vologases VI",
      "date": "207–226",
      "totalOfYears": "",
      "notes": ""
    },
    {
      "orderGlobal": 242,
      "dynastyNumber": "17",
      "dynastyName": "Parthian or Arsacid Rulers",
      "orderInDynasty": "30",
      "name": "Artabanus IV",
      "date": "216–224",
      "totalOfYears": "",
      "notes": ""
    },
    {
      "orderGlobal": 243,
      "dynastyNumber": "17",
      "dynastyName": "Parthian or Arsacid Rulers",
      "orderInDynasty": "31",
      "name": "Tiridates",
      "date": "226–228?",
      "totalOfYears": "",
      "notes": ""
    },
    {
      "orderGlobal": 244,
      "dynastyNumber": "18",
      "dynastyName": "Rulers of Assyria",
      "orderInDynasty": "1",
      "name": "Ṭudiya",
      "date": "",
      "totalOfYears": "",
      "notes": ""
    },
    {
      "orderGlobal": 245,
      "dynastyNumber": "18",
      "dynastyName": "Rulers of Assyria",
      "orderInDynasty": "2",
      "name": "Adamu",
      "date": "",
      "totalOfYears": "",
      "notes": ""
    },
    {
      "orderGlobal": 246,
      "dynastyNumber": "18",
      "dynastyName": "Rulers of Assyria",
      "orderInDynasty": "3",
      "name": "Yanqi",
      "date": "",
      "totalOfYears": "",
      "notes": ""
    },
    {
      "orderGlobal": 247,
      "dynastyNumber": "18",
      "dynastyName": "Rulers of Assyria",
      "orderInDynasty": "4",
      "name": "Sahlamu",
      "date": "",
      "totalOfYears": "",
      "notes": ""
    },
    {
      "orderGlobal": 248,
      "dynastyNumber": "18",
      "dynastyName": "Rulers of Assyria",
      "orderInDynasty": "5",
      "name": "Harharu",
      "date": "",
      "totalOfYears": "",
      "notes": ""
    },
    {
      "orderGlobal": 249,
      "dynastyNumber": "18",
      "dynastyName": "Rulers of Assyria",
      "orderInDynasty": "6",
      "name": "Mandaru",
      "date": "",
      "totalOfYears": "",
      "notes": ""
    },
    {
      "orderGlobal": 250,
      "dynastyNumber": "18",
      "dynastyName": "Rulers of Assyria",
      "orderInDynasty": "7",
      "name": "Imṣu",
      "date": "",
      "totalOfYears": "",
      "notes": ""
    },
    {
      "orderGlobal": 251,
      "dynastyNumber": "18",
      "dynastyName": "Rulers of Assyria",
      "orderInDynasty": "8",
      "name": "HARṣu",
      "date": "",
      "totalOfYears": "",
      "notes": ""
    },
    {
      "orderGlobal": 252,
      "dynastyNumber": "18",
      "dynastyName": "Rulers of Assyria",
      "orderInDynasty": "9",
      "name": "Didanu",
      "date": "",
      "totalOfYears": "",
      "notes": ""
    },
    {
      "orderGlobal": 253,
      "dynastyNumber": "18",
      "dynastyName": "Rulers of Assyria",
      "orderInDynasty": "10",
      "name": "Hanu",
      "date": "",
      "totalOfYears": "",
      "notes": ""
    },
    {
      "orderGlobal": 254,
      "dynastyNumber": "18",
      "dynastyName": "Rulers of Assyria",
      "orderInDynasty": "11",
      "name": "Zuabu",
      "date": "",
      "totalOfYears": "",
      "notes": ""
    },
    {
      "orderGlobal": 255,
      "dynastyNumber": "18",
      "dynastyName": "Rulers of Assyria",
      "orderInDynasty": "12",
      "name": "Nuabu",
      "date": "",
      "totalOfYears": "",
      "notes": ""
    },
    {
      "orderGlobal": 256,
      "dynastyNumber": "18",
      "dynastyName": "Rulers of Assyria",
      "orderInDynasty": "13",
      "name": "Abazu",
      "date": "",
      "totalOfYears": "",
      "notes": ""
    },
    {
      "orderGlobal": 257,
      "dynastyNumber": "18",
      "dynastyName": "Rulers of Assyria",
      "orderInDynasty": "14",
      "name": "Belu",
      "date": "",
      "totalOfYears": "",
      "notes": ""
    },
    {
      "orderGlobal": 258,
      "dynastyNumber": "18",
      "dynastyName": "Rulers of Assyria",
      "orderInDynasty": "15",
      "name": "Azarah",
      "date": "",
      "totalOfYears": "",
      "notes": ""
    },
    {
      "orderGlobal": 259,
      "dynastyNumber": "18",
      "dynastyName": "Rulers of Assyria",
      "orderInDynasty": "16",
      "name": "Ušpiya",
      "date": "",
      "totalOfYears": "",
      "notes": ""
    },
    {
      "orderGlobal": 260,
      "dynastyNumber": "18",
      "dynastyName": "Rulers of Assyria",
      "orderInDynasty": "17",
      "name": "Apiašal",
      "date": "",
      "totalOfYears": "",
      "notes": ""
    },
    {
      "orderGlobal": 261,
      "dynastyNumber": "18",
      "dynastyName": "Rulers of Assyria",
      "orderInDynasty": "18",
      "name": "Hale",
      "date": "",
      "totalOfYears": "",
      "notes": ""
    },
    {
      "orderGlobal": 262,
      "dynastyNumber": "18",
      "dynastyName": "Rulers of Assyria",
      "orderInDynasty": "19",
      "name": "Samanu",
      "date": "",
      "totalOfYears": "",
      "notes": ""
    },
    {
      "orderGlobal": 263,
      "dynastyNumber": "18",
      "dynastyName": "Rulers of Assyria",
      "orderInDynasty": "20",
      "name": "Hayanu",
      "date": "",
      "totalOfYears": "",
      "notes": ""
    },
    {
      "orderGlobal": 264,
      "dynastyNumber": "18",
      "dynastyName": "Rulers of Assyria",
      "orderInDynasty": "21",
      "name": "Ilu-Mer",
      "date": "",
      "totalOfYears": "",
      "notes": ""
    },
    {
      "orderGlobal": 265,
      "dynastyNumber": "18",
      "dynastyName": "Rulers of Assyria",
      "orderInDynasty": "22",
      "name": "Yakmesi",
      "date": "",
      "totalOfYears": "",
      "notes": ""
    },
    {
      "orderGlobal": 266,
      "dynastyNumber": "18",
      "dynastyName": "Rulers of Assyria",
      "orderInDynasty": "23",
      "name": "Yakmeni",
      "date": "",
      "totalOfYears": "",
      "notes": ""
    },
    {
      "orderGlobal": 267,
      "dynastyNumber": "18",
      "dynastyName": "Rulers of Assyria",
      "orderInDynasty": "24",
      "name": "Yazkur-ilu",
      "date": "",
      "totalOfYears": "",
      "notes": ""
    },
    {
      "orderGlobal": 268,
      "dynastyNumber": "18",
      "dynastyName": "Rulers of Assyria",
      "orderInDynasty": "25",
      "name": "Ila-kabkabi",
      "date": "",
      "totalOfYears": "",
      "notes": ""
    },
    {
      "orderGlobal": 269,
      "dynastyNumber": "18",
      "dynastyName": "Rulers of Assyria",
      "orderInDynasty": "26",
      "name": "Aminu",
      "date": "",
      "totalOfYears": "",
      "notes": ""
    },
    {
      "orderGlobal": 270,
      "dynastyNumber": "18",
      "dynastyName": "Rulers of Assyria",
      "orderInDynasty": "27",
      "name": "Sulili",
      "date": "",
      "totalOfYears": "",
      "notes": ""
    },
    {
      "orderGlobal": 271,
      "dynastyNumber": "18",
      "dynastyName": "Rulers of Assyria",
      "orderInDynasty": "28",
      "name": "Kikkiya",
      "date": "",
      "totalOfYears": "",
      "notes": ""
    },
    {
      "orderGlobal": 272,
      "dynastyNumber": "18",
      "dynastyName": "Rulers of Assyria",
      "orderInDynasty": "29",
      "name": "Akiya",
      "date": "",
      "totalOfYears": "",
      "notes": ""
    },
    {
      "orderGlobal": 273,
      "dynastyNumber": "18",
      "dynastyName": "Rulers of Assyria",
      "orderInDynasty": "30",
      "name": "Puzur-Aššur I",
      "date": "",
      "totalOfYears": "",
      "notes": ""
    },
    {
      "orderGlobal": 274,
      "dynastyNumber": "18",
      "dynastyName": "Rulers of Assyria",
      "orderInDynasty": "31",
      "name": "Šalim-ahum",
      "date": "",
      "totalOfYears": "",
      "notes": ""
    },
    {
      "orderGlobal": 275,
      "dynastyNumber": "18",
      "dynastyName": "Rulers of Assyria",
      "orderInDynasty": "32",
      "name": "Ilušuma",
      "date": "",
      "totalOfYears": "",
      "notes": ""
    },
    {
      "orderGlobal": 276,
      "dynastyNumber": "18",
      "dynastyName": "Rulers of Assyria",
      "orderInDynasty": "33",
      "name": "Erišum I",
      "date": "1972–1933",
      "totalOfYears": "40",
      "notes": ""
    },
    {
      "orderGlobal": 277,
      "dynastyNumber": "18",
      "dynastyName": "Rulers of Assyria",
      "orderInDynasty": "34",
      "name": "Ikunum",
      "date": "1932–1918",
      "totalOfYears": "15",
      "notes": ""
    },
    {
      "orderGlobal": 278,
      "dynastyNumber": "18",
      "dynastyName": "Rulers of Assyria",
      "orderInDynasty": "35",
      "name": "Sargon I",
      "date": "1917–1878",
      "totalOfYears": "40",
      "notes": ""
    },
    {
      "orderGlobal": 279,
      "dynastyNumber": "18",
      "dynastyName": "Rulers of Assyria",
      "orderInDynasty": "36",
      "name": "Puzur-Aššur II",
      "date": "1877–1870",
      "totalOfYears": "8",
      "notes": ""
    },
    {
      "orderGlobal": 280,
      "dynastyNumber": "18",
      "dynastyName": "Rulers of Assyria",
      "orderInDynasty": "37",
      "name": "Naram-Sin",
      "date": "1869-(1836)",
      "totalOfYears": "34",
      "notes": ""
    },
    {
      "orderGlobal": 281,
      "dynastyNumber": "18",
      "dynastyName": "Rulers of Assyria",
      "orderInDynasty": "37a",
      "name": "Naram-Sin and Erišum II",
      "date": "1835–1816",
      "totalOfYears": "20",
      "notes": ""
    },
    {
      "orderGlobal": 282,
      "dynastyNumber": "18",
      "dynastyName": "Rulers of Assyria",
      "orderInDynasty": "38",
      "name": "Erišum II",
      "date": "(1815)-1809",
      "totalOfYears": "7",
      "notes": ""
    },
    {
      "orderGlobal": 283,
      "dynastyNumber": "18",
      "dynastyName": "Rulers of Assyria",
      "orderInDynasty": "39",
      "name": "Šamši-Adad I",
      "date": "1808–1776?",
      "totalOfYears": "33?",
      "notes": ""
    },
    {
      "orderGlobal": 284,
      "dynastyNumber": "18",
      "dynastyName": "Rulers of Assyria",
      "orderInDynasty": "40",
      "name": "Išme-Dagan I",
      "date": "1775?-",
      "totalOfYears": "40",
      "notes": ""
    },
    {
      "orderGlobal": 285,
      "dynastyNumber": "18",
      "dynastyName": "Rulers of Assyria",
      "orderInDynasty": "40a",
      "name": "Mut-Aškur",
      "date": "",
      "totalOfYears": "",
      "notes": ""
    },
    {
      "orderGlobal": 286,
      "dynastyNumber": "18",
      "dynastyName": "Rulers of Assyria",
      "orderInDynasty": "40b",
      "name": "Rimu-x",
      "date": "",
      "totalOfYears": "",
      "notes": ""
    },
    {
      "orderGlobal": 287,
      "dynastyNumber": "18",
      "dynastyName": "Rulers of Assyria",
      "orderInDynasty": "40c",
      "name": "Puzur-Sin",
      "date": "",
      "totalOfYears": "",
      "notes": ""
    },
    {
      "orderGlobal": 288,
      "dynastyNumber": "18",
      "dynastyName": "Rulers of Assyria",
      "orderInDynasty": "41",
      "name": "Aššur-dugul",
      "date": "",
      "totalOfYears": "6",
      "notes": ""
    },
    {
      "orderGlobal": 289,
      "dynastyNumber": "18",
      "dynastyName": "Rulers of Assyria",
      "orderInDynasty": "42",
      "name": "Aššur-apla-idi",
      "date": "",
      "totalOfYears": "",
      "notes": ""
    },
    {
      "orderGlobal": 290,
      "dynastyNumber": "18",
      "dynastyName": "Rulers of Assyria",
      "orderInDynasty": "43",
      "name": "Naṣir-Sin",
      "date": "",
      "totalOfYears": "",
      "notes": ""
    },
    {
      "orderGlobal": 291,
      "dynastyNumber": "18",
      "dynastyName": "Rulers of Assyria",
      "orderInDynasty": "44",
      "name": "Sin-namir",
      "date": "",
      "totalOfYears": "",
      "notes": ""
    },
    {
      "orderGlobal": 292,
      "dynastyNumber": "18",
      "dynastyName": "Rulers of Assyria",
      "orderInDynasty": "45",
      "name": "Ipqi-Ištar",
      "date": "",
      "totalOfYears": "",
      "notes": ""
    },
    {
      "orderGlobal": 293,
      "dynastyNumber": "18",
      "dynastyName": "Rulers of Assyria",
      "orderInDynasty": "46",
      "name": "Adad-ṣalulu",
      "date": "",
      "totalOfYears": "",
      "notes": ""
    },
    {
      "orderGlobal": 294,
      "dynastyNumber": "18",
      "dynastyName": "Rulers of Assyria",
      "orderInDynasty": "47",
      "name": "Adasi",
      "date": "",
      "totalOfYears": "",
      "notes": ""
    },
    {
      "orderGlobal": 295,
      "dynastyNumber": "18",
      "dynastyName": "Rulers of Assyria",
      "orderInDynasty": "48",
      "name": "Belu-bani",
      "date": "",
      "totalOfYears": "10",
      "notes": ""
    },
    {
      "orderGlobal": 296,
      "dynastyNumber": "18",
      "dynastyName": "Rulers of Assyria",
      "orderInDynasty": "49",
      "name": "Libaya",
      "date": "",
      "totalOfYears": "17",
      "notes": ""
    },
    {
      "orderGlobal": 297,
      "dynastyNumber": "18",
      "dynastyName": "Rulers of Assyria",
      "orderInDynasty": "50",
      "name": "Šarma-Adad I",
      "date": "",
      "totalOfYears": "12",
      "notes": ""
    },
    {
      "orderGlobal": 298,
      "dynastyNumber": "18",
      "dynastyName": "Rulers of Assyria",
      "orderInDynasty": "51",
      "name": "IB.TAR-Sin",
      "date": "",
      "totalOfYears": "12",
      "notes": ""
    },
    {
      "orderGlobal": 299,
      "dynastyNumber": "18",
      "dynastyName": "Rulers of Assyria",
      "orderInDynasty": "52",
      "name": "Bazaya",
      "date": "",
      "totalOfYears": "28",
      "notes": ""
    },
    {
      "orderGlobal": 300,
      "dynastyNumber": "18",
      "dynastyName": "Rulers of Assyria",
      "orderInDynasty": "53",
      "name": "Lullaya",
      "date": "",
      "totalOfYears": "6",
      "notes": ""
    },
    {
      "orderGlobal": 301,
      "dynastyNumber": "18",
      "dynastyName": "Rulers of Assyria",
      "orderInDynasty": "54",
      "name": "Kidin-Ninua",
      "date": "",
      "totalOfYears": "14",
      "notes": ""
    },
    {
      "orderGlobal": 302,
      "dynastyNumber": "18",
      "dynastyName": "Rulers of Assyria",
      "orderInDynasty": "55",
      "name": "Šarma-Adad II",
      "date": "",
      "totalOfYears": "3",
      "notes": ""
    },
    {
      "orderGlobal": 303,
      "dynastyNumber": "18",
      "dynastyName": "Rulers of Assyria",
      "orderInDynasty": "56",
      "name": "Erišum III",
      "date": "",
      "totalOfYears": "13",
      "notes": ""
    },
    {
      "orderGlobal": 304,
      "dynastyNumber": "18",
      "dynastyName": "Rulers of Assyria",
      "orderInDynasty": "57",
      "name": "Šamši-Adad II",
      "date": "",
      "totalOfYears": "6",
      "notes": ""
    },
    {
      "orderGlobal": 305,
      "dynastyNumber": "18",
      "dynastyName": "Rulers of Assyria",
      "orderInDynasty": "58",
      "name": "Išme-Dagan II",
      "date": "",
      "totalOfYears": "16",
      "notes": ""
    },
    {
      "orderGlobal": 306,
      "dynastyNumber": "18",
      "dynastyName": "Rulers of Assyria",
      "orderInDynasty": "59",
      "name": "Šamši-Adad III",
      "date": "",
      "totalOfYears": "16",
      "notes": ""
    },
    {
      "orderGlobal": 307,
      "dynastyNumber": "18",
      "dynastyName": "Rulers of Assyria",
      "orderInDynasty": "60",
      "name": "Aššur-nirari I",
      "date": "",
      "totalOfYears": "26",
      "notes": ""
    },
    {
      "orderGlobal": 308,
      "dynastyNumber": "18",
      "dynastyName": "Rulers of Assyria",
      "orderInDynasty": "61",
      "name": "Puzur-Aššur III",
      "date": "",
      "totalOfYears": "24?",
      "notes": ""
    },
    {
      "orderGlobal": 309,
      "dynastyNumber": "18",
      "dynastyName": "Rulers of Assyria",
      "orderInDynasty": "62",
      "name": "Enlil-naṣir I",
      "date": "",
      "totalOfYears": "13",
      "notes": ""
    },
    {
      "orderGlobal": 310,
      "dynastyNumber": "18",
      "dynastyName": "Rulers of Assyria",
      "orderInDynasty": "63",
      "name": "Nur-ili",
      "date": "",
      "totalOfYears": "12",
      "notes": ""
    },
    {
      "orderGlobal": 311,
      "dynastyNumber": "18",
      "dynastyName": "Rulers of Assyria",
      "orderInDynasty": "64",
      "name": "Aššur-šaduni",
      "date": "",
      "totalOfYears": "1 month",
      "notes": ""
    },
    {
      "orderGlobal": 312,
      "dynastyNumber": "18",
      "dynastyName": "Rulers of Assyria",
      "orderInDynasty": "65",
      "name": "Aššur-rabi I",
      "date": "",
      "totalOfYears": "",
      "notes": ""
    },
    {
      "orderGlobal": 313,
      "dynastyNumber": "18",
      "dynastyName": "Rulers of Assyria",
      "orderInDynasty": "66",
      "name": "Aššur-nadin-ahhe I",
      "date": "",
      "totalOfYears": "",
      "notes": ""
    },
    {
      "orderGlobal": 314,
      "dynastyNumber": "18",
      "dynastyName": "Rulers of Assyria",
      "orderInDynasty": "67",
      "name": "Enlil-naṣir II",
      "date": "1421–1416",
      "totalOfYears": "6",
      "notes": "Length of reign is in lunar years of approximately 354 days."
    },
    {
      "orderGlobal": 315,
      "dynastyNumber": "18",
      "dynastyName": "Rulers of Assyria",
      "orderInDynasty": "68",
      "name": "Aššur-nirari II",
      "date": "1415–1409",
      "totalOfYears": "7",
      "notes": "Length of reign is in lunar years of approximately 354 days."
    },
    {
      "orderGlobal": 316,
      "dynastyNumber": "18",
      "dynastyName": "Rulers of Assyria",
      "orderInDynasty": "69",
      "name": "Aššur-bel-nišešu",
      "date": "1408–1401",
      "totalOfYears": "9",
      "notes": "Length of reign is in lunar years of approximately 354 days."
    },
    {
      "orderGlobal": 317,
      "dynastyNumber": "18",
      "dynastyName": "Rulers of Assyria",
      "orderInDynasty": "70",
      "name": "Aššur-rem-nišešu",
      "date": "1400–1393",
      "totalOfYears": "8",
      "notes": "Length of reign is in lunar years of approximately 354 days."
    },
    {
      "orderGlobal": 318,
      "dynastyNumber": "18",
      "dynastyName": "Rulers of Assyria",
      "orderInDynasty": "71",
      "name": "Aššur-nadin-ahhe II",
      "date": "1392–1383",
      "totalOfYears": "10",
      "notes": "Length of reign is in lunar years of approximately 354 days."
    },
    {
      "orderGlobal": 319,
      "dynastyNumber": "18",
      "dynastyName": "Rulers of Assyria",
      "orderInDynasty": "72",
      "name": "Eriba-Adad I",
      "date": "1382–1357",
      "totalOfYears": "27",
      "notes": "Length of reign is in lunar years of approximately 354 days."
    },
    {
      "orderGlobal": 320,
      "dynastyNumber": "18",
      "dynastyName": "Rulers of Assyria",
      "orderInDynasty": "73",
      "name": "Aššur-uballiṭ I",
      "date": "1356–1322",
      "totalOfYears": "36",
      "notes": "Length of reign is in lunar years of approximately 354 days."
    },
    {
      "orderGlobal": 321,
      "dynastyNumber": "18",
      "dynastyName": "Rulers of Assyria",
      "orderInDynasty": "74",
      "name": "Enlil-nirari",
      "date": "1321–1313",
      "totalOfYears": "10",
      "notes": "Length of reign is in lunar years of approximately 354 days."
    },
    {
      "orderGlobal": 322,
      "dynastyNumber": "18",
      "dynastyName": "Rulers of Assyria",
      "orderInDynasty": "75",
      "name": "Arik-den-ili",
      "date": "1312–1301",
      "totalOfYears": "12",
      "notes": "Length of reign is in lunar years of approximately 354 days."
    },
    {
      "orderGlobal": 323,
      "dynastyNumber": "18",
      "dynastyName": "Rulers of Assyria",
      "orderInDynasty": "76",
      "name": "Adad-nirari I",
      "date": "1300–1270",
      "totalOfYears": "32",
      "notes": "Length of reign is in lunar years of approximately 354 days."
    },
    {
      "orderGlobal": 324,
      "dynastyNumber": "18",
      "dynastyName": "Rulers of Assyria",
      "orderInDynasty": "77",
      "name": "Shalmaneser I",
      "date": "1269–1241",
      "totalOfYears": "30",
      "notes": "Length of reign is in lunar years of approximately 354 days."
    },
    {
      "orderGlobal": 325,
      "dynastyNumber": "18",
      "dynastyName": "Rulers of Assyria",
      "orderInDynasty": "78",
      "name": "Tukulti-Ninurta I",
      "date": "1240–1205",
      "totalOfYears": "37",
      "notes": "Length of reign is in lunar years of approximately 354 days."
    },
    {
      "orderGlobal": 326,
      "dynastyNumber": "18",
      "dynastyName": "Rulers of Assyria",
      "orderInDynasty": "79",
      "name": "Aššur-nadin-apli",
      "date": "1204–1201",
      "totalOfYears": "4",
      "notes": "Length of reign is in lunar years of approximately 354 days."
    },
    {
      "orderGlobal": 327,
      "dynastyNumber": "18",
      "dynastyName": "Rulers of Assyria",
      "orderInDynasty": "80",
      "name": "Aššur-nirari III",
      "date": "1200–1195",
      "totalOfYears": "6",
      "notes": "Length of reign is in lunar years of approximately 354 days."
    },
    {
      "orderGlobal": 328,
      "dynastyNumber": "18",
      "dynastyName": "Rulers of Assyria",
      "orderInDynasty": "81",
      "name": "Enlil-kudurri-uṣur",
      "date": "1194–1190",
      "totalOfYears": "5",
      "notes": "Length of reign is in lunar years of approximately 354 days."
    },
    {
      "orderGlobal": 329,
      "dynastyNumber": "18",
      "dynastyName": "Rulers of Assyria",
      "orderInDynasty": "82",
      "name": "Ninurta-apil-Ekur",
      "date": "1189–1178",
      "totalOfYears": "13",
      "notes": "Length of reign is in lunar years of approximately 354 days."
    },
    {
      "orderGlobal": 330,
      "dynastyNumber": "18",
      "dynastyName": "Rulers of Assyria",
      "orderInDynasty": "83",
      "name": "Aššur-dan I",
      "date": "1177–1133",
      "totalOfYears": "46",
      "notes": "Length of reign is in lunar years of approximately 354 days."
    },
    {
      "orderGlobal": 331,
      "dynastyNumber": "18",
      "dynastyName": "Rulers of Assyria",
      "orderInDynasty": "84",
      "name": "Ninurta-tukulti-Aššur",
      "date": "1132",
      "totalOfYears": "1",
      "notes": "Length of reign is in a lunar year of approximately 354 days."
    },
    {
      "orderGlobal": 332,
      "dynastyNumber": "18",
      "dynastyName": "Rulers of Assyria",
      "orderInDynasty": "85",
      "name": "Mutakkil-Nusku",
      "date": "1131",
      "totalOfYears": "1",
      "notes": "Length of reign is in a lunar year of approximately 354 days."
    },
    {
      "orderGlobal": 333,
      "dynastyNumber": "18",
      "dynastyName": "Rulers of Assyria",
      "orderInDynasty": "86",
      "name": "Aššur-reš-iši I",
      "date": "1130–1114",
      "totalOfYears": "18",
      "notes": "Length of reign is in lunar years of approximately 354 days."
    },
    {
      "orderGlobal": 334,
      "dynastyNumber": "18",
      "dynastyName": "Rulers of Assyria",
      "orderInDynasty": "87",
      "name": "Tiglath-pileser I",
      "date": "1113–1076",
      "totalOfYears": "39",
      "notes": "Length of reign is in lunar years of approximately 354 days."
    },
    {
      "orderGlobal": 335,
      "dynastyNumber": "18",
      "dynastyName": "Rulers of Assyria",
      "orderInDynasty": "88",
      "name": "Ašared-apil-Ekur",
      "date": "1075–1074",
      "totalOfYears": "2",
      "notes": "Length of reign possibly in terms of a lunar year of 354 days."
    },
    {
      "orderGlobal": 336,
      "dynastyNumber": "18",
      "dynastyName": "Rulers of Assyria",
      "orderInDynasty": "89",
      "name": "Aššur-bel-kala",
      "date": "1073–1056",
      "totalOfYears": "18",
      "notes": "Length of reign possibly in terms of a lunar year of 354 days."
    },
    {
      "orderGlobal": 337,
      "dynastyNumber": "18",
      "dynastyName": "Rulers of Assyria",
      "orderInDynasty": "90",
      "name": "Eriba-Adad II",
      "date": "1055–1054",
      "totalOfYears": "2",
      "notes": ""
    },
    {
      "orderGlobal": 338,
      "dynastyNumber": "18",
      "dynastyName": "Rulers of Assyria",
      "orderInDynasty": "91",
      "name": "Šamši-Adad IV",
      "date": "1053–1050",
      "totalOfYears": "4",
      "notes": ""
    },
    {
      "orderGlobal": 339,
      "dynastyNumber": "18",
      "dynastyName": "Rulers of Assyria",
      "orderInDynasty": "92",
      "name": "Aššurnaṣirpal I",
      "date": "1049–1031",
      "totalOfYears": "19",
      "notes": ""
    },
    {
      "orderGlobal": 340,
      "dynastyNumber": "18",
      "dynastyName": "Rulers of Assyria",
      "orderInDynasty": "93",
      "name": "Shalmaneser II",
      "date": "1030–1019",
      "totalOfYears": "12",
      "notes": ""
    },
    {
      "orderGlobal": 341,
      "dynastyNumber": "18",
      "dynastyName": "Rulers of Assyria",
      "orderInDynasty": "94",
      "name": "Aššur-nirari IV",
      "date": "1018–1013",
      "totalOfYears": "6",
      "notes": ""
    },
    {
      "orderGlobal": 342,
      "dynastyNumber": "18",
      "dynastyName": "Rulers of Assyria",
      "orderInDynasty": "95",
      "name": "Aššur-rabi II",
      "date": "1012–972",
      "totalOfYears": "41",
      "notes": ""
    },
    {
      "orderGlobal": 343,
      "dynastyNumber": "18",
      "dynastyName": "Rulers of Assyria",
      "orderInDynasty": "96",
      "name": "Aššur-reš-iši II",
      "date": "971–967",
      "totalOfYears": "5",
      "notes": ""
    },
    {
      "orderGlobal": 344,
      "dynastyNumber": "18",
      "dynastyName": "Rulers of Assyria",
      "orderInDynasty": "97",
      "name": "Tiglath-pileser II",
      "date": "966–935",
      "totalOfYears": "32",
      "notes": ""
    },
    {
      "orderGlobal": 345,
      "dynastyNumber": "18",
      "dynastyName": "Rulers of Assyria",
      "orderInDynasty": "98",
      "name": "Aššur-dan II",
      "date": "934–912",
      "totalOfYears": "23",
      "notes": ""
    },
    {
      "orderGlobal": 346,
      "dynastyNumber": "18",
      "dynastyName": "Rulers of Assyria",
      "orderInDynasty": "99",
      "name": "Adad-nirari II",
      "date": "911–891",
      "totalOfYears": "21",
      "notes": ""
    },
    {
      "orderGlobal": 347,
      "dynastyNumber": "18",
      "dynastyName": "Rulers of Assyria",
      "orderInDynasty": "100",
      "name": "Tukulti-Ninurta II",
      "date": "890–884",
      "totalOfYears": "7",
      "notes": ""
    },
    {
      "orderGlobal": 348,
      "dynastyNumber": "18",
      "dynastyName": "Rulers of Assyria",
      "orderInDynasty": "101",
      "name": "Aššurnaṣirpal II",
      "date": "883–859",
      "totalOfYears": "25",
      "notes": ""
    },
    {
      "orderGlobal": 349,
      "dynastyNumber": "18",
      "dynastyName": "Rulers of Assyria",
      "orderInDynasty": "102",
      "name": "Shalmaneser III",
      "date": "858–824",
      "totalOfYears": "35",
      "notes": ""
    },
    {
      "orderGlobal": 350,
      "dynastyNumber": "18",
      "dynastyName": "Rulers of Assyria",
      "orderInDynasty": "103",
      "name": "Šamši-Adad V",
      "date": "823–811",
      "totalOfYears": "13",
      "notes": ""
    },
    {
      "orderGlobal": 351,
      "dynastyNumber": "18",
      "dynastyName": "Rulers of Assyria",
      "orderInDynasty": "104",
      "name": "Adad-nirari III",
      "date": "810–783",
      "totalOfYears": "28",
      "notes": ""
    },
    {
      "orderGlobal": 352,
      "dynastyNumber": "18",
      "dynastyName": "Rulers of Assyria",
      "orderInDynasty": "105",
      "name": "Shalmaneser IV",
      "date": "782–773",
      "totalOfYears": "10",
      "notes": ""
    },
    {
      "orderGlobal": 353,
      "dynastyNumber": "18",
      "dynastyName": "Rulers of Assyria",
      "orderInDynasty": "106",
      "name": "Aššur-dan III",
      "date": "772–755",
      "totalOfYears": "18",
      "notes": ""
    },
    {
      "orderGlobal": 354,
      "dynastyNumber": "18",
      "dynastyName": "Rulers of Assyria",
      "orderInDynasty": "107",
      "name": "Aššur-nirari V",
      "date": "754–745",
      "totalOfYears": "10",
      "notes": ""
    },
    {
      "orderGlobal": 355,
      "dynastyNumber": "18",
      "dynastyName": "Rulers of Assyria",
      "orderInDynasty": "108",
      "name": "Tiglath-pileser III",
      "date": "744–727",
      "totalOfYears": "18",
      "notes": ""
    },
    {
      "orderGlobal": 356,
      "dynastyNumber": "18",
      "dynastyName": "Rulers of Assyria",
      "orderInDynasty": "109",
      "name": "Shalmaneser V",
      "date": "726–722",
      "totalOfYears": "5",
      "notes": ""
    },
    {
      "orderGlobal": 357,
      "dynastyNumber": "18",
      "dynastyName": "Rulers of Assyria",
      "orderInDynasty": "110",
      "name": "Sargon II",
      "date": "721–705",
      "totalOfYears": "17",
      "notes": ""
    },
    {
      "orderGlobal": 358,
      "dynastyNumber": "18",
      "dynastyName": "Rulers of Assyria",
      "orderInDynasty": "111",
      "name": "Sennacherib",
      "date": "704–681",
      "totalOfYears": "24",
      "notes": ""
    },
    {
      "orderGlobal": 359,
      "dynastyNumber": "18",
      "dynastyName": "Rulers of Assyria",
      "orderInDynasty": "112",
      "name": "Esarhaddon",
      "date": "680–669",
      "totalOfYears": "12",
      "notes": ""
    },
    {
      "orderGlobal": 360,
      "dynastyNumber": "18",
      "dynastyName": "Rulers of Assyria",
      "orderInDynasty": "113",
      "name": "Ashurbanipal",
      "date": "668–631",
      "totalOfYears": "38?",
      "notes": ""
    },
    {
      "orderGlobal": 361,
      "dynastyNumber": "18",
      "dynastyName": "Rulers of Assyria",
      "orderInDynasty": "114",
      "name": "Aššur-etel-ilani",
      "date": "630–627",
      "totalOfYears": "4",
      "notes": ""
    },
    {
      "orderGlobal": 362,
      "dynastyNumber": "18",
      "dynastyName": "Rulers of Assyria",
      "orderInDynasty": "114a",
      "name": "Sin-šumu-lišir",
      "date": "627?",
      "totalOfYears": "",
      "notes": ""
    },
    {
      "orderGlobal": 363,
      "dynastyNumber": "18",
      "dynastyName": "Rulers of Assyria",
      "orderInDynasty": "115",
      "name": "Sin-šar-iškun",
      "date": "626–612",
      "totalOfYears": "15?",
      "notes": ""
    },
    {
      "orderGlobal": 364,
      "dynastyNumber": "18",
      "dynastyName": "Rulers of Assyria",
      "orderInDynasty": "116",
      "name": "Aššur-uballiṭ II",
      "date": "611–609",
      "totalOfYears": "3",
      "notes": ""
    }
  ]
  