<?xml version="1.0"?>
<annotation><folder>KileS</folder><filename>VAT10657</filename><size><width>4172</width><height>2626</height></size><object><name>1</name><symbol>223</symbol><bndbox><xmin>3206</xmin><ymin>194</ymin><xmax>3554</xmax><ymax>342</ymax></bndbox><center><xc>3380</xc><yc>268</yc></center><coordpos><row>1</row><col>1</col></coordpos><hrsymbol>ab</hrsymbol><conservation>intact</conservation></object><object><name>2</name><symbol>5</symbol><bndbox><xmin>3528</xmin><ymin>202</ymin><xmax>3914</xmax><ymax>348</ymax></bndbox><center><xc>3721</xc><yc>275</yc></center><coordpos><row>1</row><col>1</col></coordpos><hrsymbol>bal</hrsymbol><conservation>intact</conservation></object><object><name>3</name><symbol>698</symbol><bndbox><xmin>2876</xmin><ymin>216</ymin><xmax>3204</xmax><ymax>328</ymax></bndbox><center><xc>3040</xc><yc>272</yc></center><coordpos><row>1</row><col>1</col></coordpos><hrsymbol>ul</hrsymbol><conservation>intact</conservation></object><object><name>4</name><symbol>380</symbol><bndbox><xmin>2622</xmin><ymin>286</ymin><xmax>2912</xmax><ymax>494</ymax></bndbox><center><xc>2767</xc><yc>390</yc></center><coordpos><row>1</row><col>1</col></coordpos><hrsymbol>ni</hrsymbol><conservation>intact</conservation></object><object><name>5</name><symbol>698</symbol><bndbox><xmin>2920</xmin><ymin>318</ymin><xmax>3376</xmax><ymax>518</ymax></bndbox><center><xc>3148</xc><yc>418</yc></center><coordpos><row>1</row><col>1</col></coordpos><hrsymbol>ul</hrsymbol><conservation>intact</conservation></object><object><name>6</name><symbol>252</symbol><bndbox><xmin>3350</xmin><ymin>322</ymin><xmax>3654</xmax><ymax>496</ymax></bndbox><center><xc>3502</xc><yc>409</yc></center><coordpos><row>1</row><col>1</col></coordpos><hrsymbol>i</hrsymbol><conservation>intact</conservation></object><object><name>7</name><symbol>511</symbol><bndbox><xmin>2006</xmin><ymin>262</ymin><xmax>2448</xmax><ymax>472</ymax></bndbox><center><xc>2227</xc><yc>367</yc></center><coordpos><row>1</row><col>1</col></coordpos><hrsymbol>ra</hrsymbol><conservation>intact</conservation></object><object><name>8</name><symbol>552</symbol><bndbox><xmin>2408</xmin><ymin>270</ymin><xmax>2648</xmax><ymax>458</ymax></bndbox><center><xc>2528</xc><yc>364</yc></center><coordpos><row>1</row><col>1</col></coordpos><hrsymbol>ma</hrsymbol><conservation>intact</conservation></object><object><name>9</name><symbol>812</symbol><bndbox><xmin>1736</xmin><ymin>426</ymin><xmax>2012</xmax><ymax>598</ymax></bndbox><center><xc>1874</xc><yc>512</yc></center><coordpos><row>1</row><col>1</col></coordpos><hrsymbol>lu</hrsymbol><conservation>intact</conservation></object><object><name>10</name><symbol>110</symbol><bndbox><xmin>2332</xmin><ymin>436</ymin><xmax>2738</xmax><ymax>606</ymax></bndbox><center><xc>2535</xc><yc>521</yc></center><coordpos><row>1</row><col>1</col></coordpos><hrsymbol>na</hrsymbol><conservation>intact</conservation></object><object><name>11</name><symbol>736</symbol><bndbox><xmin>2946</xmin><ymin>478</ymin><xmax>3344</xmax><ymax>644</ymax></bndbox><center><xc>3145</xc><yc>561</yc></center><coordpos><row>1</row><col>1</col></coordpos><hrsymbol>t,e</hrsymbol><conservation>intact</conservation></object><object><name>12</name><symbol>808</symbol><bndbox><xmin>1374</xmin><ymin>584</ymin><xmax>1716</xmax><ymax>762</ymax></bndbox><center><xc>1545</xc><yc>673</yc></center><coordpos><row>1</row><col>1</col></coordpos><hrsymbol>ku</hrsymbol><conservation>intact</conservation></object><object><name>13</name><symbol>181</symbol><bndbox><xmin>1742</xmin><ymin>586</ymin><xmax>2126</xmax><ymax>786</ymax></bndbox><center><xc>1934</xc><yc>686</yc></center><coordpos><row>1</row><col>1</col></coordpos><hrsymbol>si</hrsymbol><conservation>intact</conservation></object><object><name>14</name><symbol>558</symbol><bndbox><xmin>2094</xmin><ymin>570</ymin><xmax>2440</xmax><ymax>790</ymax></bndbox><center><xc>2267</xc><yc>680</yc></center><coordpos><row>1</row><col>1</col></coordpos><hrsymbol>gir</hrsymbol><conservation>intact</conservation></object><object><name>15</name><symbol>466</symbol><bndbox><xmin>2514</xmin><ymin>596</ymin><xmax>3066</xmax><ymax>788</ymax></bndbox><center><xc>2790</xc><yc>692</yc></center><coordpos><row>1</row><col>1</col></coordpos><hrsymbol>szab</hrsymbol><conservation>intact</conservation></object><object><name>16</name><symbol>120</symbol><bndbox><xmin>1622</xmin><ymin>744</ymin><xmax>2164</xmax><ymax>932</ymax></bndbox><center><xc>1893</xc><yc>838</yc></center><coordpos><row>1</row><col>1</col></coordpos><hrsymbol>masz</hrsymbol><conservation>intact</conservation></object><object><name>17</name><symbol>631</symbol><bndbox><xmin>1420</xmin><ymin>742</ymin><xmax>1632</xmax><ymax>944</ymax></bndbox><center><xc>1526</xc><yc>843</yc></center><coordpos><row>1</row><col>1</col></coordpos><hrsymbol>hi</hrsymbol><conservation>intact</conservation></object><object><name>18</name><symbol>598</symbol><bndbox><xmin>1054</xmin><ymin>766</ymin><xmax>1436</xmax><ymax>946</ymax></bndbox><center><xc>1245</xc><yc>856</yc></center><coordpos><row>1</row><col>1</col></coordpos><hrsymbol>pi</hrsymbol><conservation>intact</conservation></object><object><name>19</name><symbol>339</symbol><bndbox><xmin>2166</xmin><ymin>732</ymin><xmax>2694</xmax><ymax>944</ymax></bndbox><center><xc>2430</xc><yc>838</yc></center><coordpos><row>1</row><col>1</col></coordpos><hrsymbol>kum</hrsymbol><conservation>intact</conservation></object><object><name>20</name><symbol>580</symbol><bndbox><xmin>808</xmin><ymin>948</ymin><xmax>1182</xmax><ymax>1130</ymax></bndbox><center><xc>995</xc><yc>1039</yc></center><coordpos><row>1</row><col>1</col></coordpos><hrsymbol>bu</hrsymbol><conservation>intact</conservation></object><object><name>21</name><symbol>580</symbol><bndbox><xmin>1184</xmin><ymin>892</ymin><xmax>1496</xmax><ymax>1112</ymax></bndbox><center><xc>1340</xc><yc>1002</yc></center><coordpos><row>1</row><col>1</col></coordpos><hrsymbol>bu</hrsymbol><conservation>intact</conservation></object><object><name>22</name><symbol>118</symbol><bndbox><xmin>1480</xmin><ymin>896</ymin><xmax>1850</xmax><ymax>1110</ymax></bndbox><center><xc>1665</xc><yc>1003</yc></center><coordpos><row>1</row><col>1</col></coordpos><hrsymbol>ti</hrsymbol><conservation>intact</conservation></object><object><name>23</name><symbol>24</symbol><bndbox><xmin>1794</xmin><ymin>910</ymin><xmax>2238</xmax><ymax>1106</ymax></bndbox><center><xc>2016</xc><yc>1008</yc></center><coordpos><row>1</row><col>1</col></coordpos><hrsymbol>ka</hrsymbol><conservation>intact</conservation></object><object><name>24</name><symbol>111</symbol><bndbox><xmin>2608</xmin><ymin>860</ymin><xmax>2980</xmax><ymax>1078</ymax></bndbox><center><xc>2794</xc><yc>969</yc></center><coordpos><row>1</row><col>1</col></coordpos><hrsymbol>ru</hrsymbol><conservation>intact</conservation></object><object><name>25</name><symbol>167</symbol><bndbox><xmin>2214</xmin><ymin>894</ymin><xmax>2612</xmax><ymax>1086</ymax></bndbox><center><xc>2413</xc><yc>990</yc></center><coordpos><row>1</row><col>1</col></coordpos><hrsymbol>dim</hrsymbol><conservation>intact</conservation></object><object><name>26</name><symbol>110</symbol><bndbox><xmin>462</xmin><ymin>1144</ymin><xmax>738</xmax><ymax>1360</ymax></bndbox><center><xc>600</xc><yc>1252</yc></center><coordpos><row>1</row><col>1</col></coordpos><hrsymbol>na</hrsymbol><conservation>intact</conservation></object><object><name>27</name><symbol>10</symbol><bndbox><xmin>726</xmin><ymin>1150</ymin><xmax>968</xmax><ymax>1316</ymax></bndbox><center><xc>847</xc><yc>1233</yc></center><coordpos><row>1</row><col>1</col></coordpos><hrsymbol>an</hrsymbol><conservation>intact</conservation></object><object><name>28</name><symbol>221</symbol><bndbox><xmin>950</xmin><ymin>1118</ymin><xmax>1216</xmax><ymax>1318</ymax></bndbox><center><xc>1083</xc><yc>1218</yc></center><coordpos><row>1</row><col>1</col></coordpos><hrsymbol>tak</hrsymbol><conservation>intact</conservation></object><object><name>29</name><symbol>552</symbol><bndbox><xmin>1206</xmin><ymin>1094</ymin><xmax>1500</xmax><ymax>1310</ymax></bndbox><center><xc>1353</xc><yc>1202</yc></center><coordpos><row>1</row><col>1</col></coordpos><hrsymbol>ma</hrsymbol><conservation>intact</conservation></object><object><name>30</name><symbol>561</symbol><bndbox><xmin>1490</xmin><ymin>1102</ymin><xmax>1940</xmax><ymax>1272</ymax></bndbox><center><xc>1715</xc><yc>1187</yc></center><coordpos><row>1</row><col>1</col></coordpos><hrsymbol>da</hrsymbol><conservation>intact</conservation></object><object><name>31</name><symbol>223</symbol><bndbox><xmin>1920</xmin><ymin>1096</ymin><xmax>2260</xmax><ymax>1272</ymax></bndbox><center><xc>2090</xc><yc>1184</yc></center><coordpos><row>1</row><col>1</col></coordpos><hrsymbol>ab</hrsymbol><conservation>intact</conservation></object><object><name>32</name><symbol>561</symbol><bndbox><xmin>2224</xmin><ymin>1080</ymin><xmax>2636</xmax><ymax>1258</ymax></bndbox><center><xc>2430</xc><yc>1169</yc></center><coordpos><row>1</row><col>1</col></coordpos><hrsymbol>da</hrsymbol><conservation>intact</conservation></object><object><name>33</name><symbol>184</symbol><bndbox><xmin>2616</xmin><ymin>1058</ymin><xmax>3040</xmax><ymax>1240</ymax></bndbox><center><xc>2828</xc><yc>1149</yc></center><coordpos><row>1</row><col>1</col></coordpos><hrsymbol>szak</hrsymbol><conservation>intact</conservation></object><object><name>34</name><symbol>260</symbol><bndbox><xmin>2356</xmin><ymin>1226</ymin><xmax>2800</xmax><ymax>1424</ymax></bndbox><center><xc>2578</xc><yc>1325</yc></center><coordpos><row>1</row><col>1</col></coordpos><hrsymbol>ia</hrsymbol><conservation>intact</conservation></object><object><name>35</name><symbol>663</symbol><bndbox><xmin>1864</xmin><ymin>1250</ymin><xmax>2376</xmax><ymax>1442</ymax></bndbox><center><xc>2120</xc><yc>1346</yc></center><coordpos><row>1</row><col>1</col></coordpos><hrsymbol>ugu</hrsymbol><conservation>intact</conservation></object><object><name>36</name><symbol>578</symbol><bndbox><xmin>1204</xmin><ymin>1310</ymin><xmax>1404</xmax><ymax>1486</ymax></bndbox><center><xc>1304</xc><yc>1398</yc></center><coordpos><row>1</row><col>1</col></coordpos><hrsymbol>kur</hrsymbol><conservation>intact</conservation></object><object><name>37</name><symbol>246</symbol><bndbox><xmin>976</xmin><ymin>1304</ymin><xmax>1246</xmax><ymax>1506</ymax></bndbox><center><xc>1111</xc><yc>1405</yc></center><coordpos><row>1</row><col>1</col></coordpos><hrsymbol>nab</hrsymbol><conservation>intact</conservation></object><object><name>38</name><symbol>362</symbol><bndbox><xmin>510</xmin><ymin>1320</ymin><xmax>994</xmax><ymax>1540</ymax></bndbox><center><xc>752</xc><yc>1430</yc></center><coordpos><row>1</row><col>1</col></coordpos><hrsymbol>szim</hrsymbol><conservation>intact</conservation></object><object><name>39</name><symbol>110</symbol><bndbox><xmin>768</xmin><ymin>1520</ymin><xmax>1054</xmax><ymax>1690</ymax></bndbox><center><xc>911</xc><yc>1605</yc></center><coordpos><row>1</row><col>1</col></coordpos><hrsymbol>na</hrsymbol><conservation>intact</conservation></object><object><name>40</name><symbol>552</symbol><bndbox><xmin>1020</xmin><ymin>1486</ymin><xmax>1330</xmax><ymax>1694</ymax></bndbox><center><xc>1175</xc><yc>1590</yc></center><coordpos><row>1</row><col>1</col></coordpos><hrsymbol>ma</hrsymbol><conservation>intact</conservation></object><object><name>41</name><symbol>580</symbol><bndbox><xmin>540</xmin><ymin>1520</ymin><xmax>810</xmax><ymax>1718</ymax></bndbox><center><xc>675</xc><yc>1619</yc></center><coordpos><row>1</row><col>1</col></coordpos><hrsymbol>bu</hrsymbol><conservation>intact</conservation></object><object><name>42</name><symbol>223</symbol><bndbox><xmin>250</xmin><ymin>1546</ymin><xmax>600</xmax><ymax>1746</ymax></bndbox><center><xc>425</xc><yc>1646</yc></center><coordpos><row>1</row><col>1</col></coordpos><hrsymbol>ab</hrsymbol><conservation>intact</conservation></object><object><name>43</name><symbol>252</symbol><bndbox><xmin>1782</xmin><ymin>1448</ymin><xmax>2026</xmax><ymax>1622</ymax></bndbox><center><xc>1904</xc><yc>1535</yc></center><coordpos><row>1</row><col>1</col></coordpos><hrsymbol>i</hrsymbol><conservation>intact</conservation></object><object><name>44</name><symbol>142</symbol><bndbox><xmin>2288</xmin><ymin>1422</ymin><xmax>2578</xmax><ymax>1606</ymax></bndbox><center><xc>2433</xc><yc>1514</yc></center><coordpos><row>1</row><col>1</col></coordpos><hrsymbol>ri</hrsymbol><conservation>intact</conservation></object><object><name>45</name><symbol>589</symbol><bndbox><xmin>2020</xmin><ymin>1432</ymin><xmax>2318</xmax><ymax>1634</ymax></bndbox><center><xc>2169</xc><yc>1533</yc></center><coordpos><row>1</row><col>1</col></coordpos><hrsymbol>te</hrsymbol><conservation>intact</conservation></object><object><name>46</name><symbol>136</symbol><bndbox><xmin>2564</xmin><ymin>1410</ymin><xmax>2910</xmax><ymax>1616</ymax></bndbox><center><xc>2737</xc><yc>1513</yc></center><coordpos><row>1</row><col>1</col></coordpos><hrsymbol>ig</hrsymbol><conservation>intact</conservation></object><object><name>47</name><symbol>1</symbol><bndbox><xmin>216</xmin><ymin>1794</ymin><xmax>426</xmax><ymax>1948</ymax></bndbox><center><xc>321</xc><yc>1871</yc></center><coordpos><row>1</row><col>1</col></coordpos><hrsymbol>asz</hrsymbol><conservation>intact</conservation></object><object><name>48</name><symbol>89</symbol><bndbox><xmin>390</xmin><ymin>1748</ymin><xmax>666</xmax><ymax>1936</ymax></bndbox><center><xc>528</xc><yc>1842</yc></center><coordpos><row>1</row><col>1</col></coordpos><hrsymbol>la</hrsymbol><conservation>intact</conservation></object><object><name>49</name><symbol>552</symbol><bndbox><xmin>654</xmin><ymin>1706</ymin><xmax>938</xmax><ymax>1910</ymax></bndbox><center><xc>796</xc><yc>1808</yc></center><coordpos><row>1</row><col>1</col></coordpos><hrsymbol>ma</hrsymbol><conservation>intact</conservation></object><object><name>50</name><symbol>24</symbol><bndbox><xmin>906</xmin><ymin>1676</ymin><xmax>1338</xmax><ymax>1858</ymax></bndbox><center><xc>1122</xc><yc>1767</yc></center><coordpos><row>1</row><col>1</col></coordpos><hrsymbol>ka</hrsymbol><conservation>intact</conservation></object><object><name>51</name><symbol>498</symbol><bndbox><xmin>1680</xmin><ymin>1638</ymin><xmax>1932</xmax><ymax>1816</ymax></bndbox><center><xc>1806</xc><yc>1727</yc></center><coordpos><row>1</row><col>1</col></coordpos><hrsymbol>e</hrsymbol><conservation>intact</conservation></object><object><name>52</name><symbol>85</symbol><bndbox><xmin>1294</xmin><ymin>1628</ymin><xmax>1692</xmax><ymax>1838</ymax></bndbox><center><xc>1493</xc><yc>1733</yc></center><coordpos><row>1</row><col>1</col></coordpos><hrsymbol>li</hrsymbol><conservation>intact</conservation></object><object><name>53</name><symbol>140</symbol><bndbox><xmin>1912</xmin><ymin>1614</ymin><xmax>2274</xmax><ymax>1804</ymax></bndbox><center><xc>2093</xc><yc>1709</yc></center><coordpos><row>1</row><col>1</col></coordpos><hrsymbol>zi</hrsymbol><conservation>intact</conservation></object><object><name>54</name><symbol>98</symbol><bndbox><xmin>2258</xmin><ymin>1590</ymin><xmax>2562</xmax><ymax>1782</ymax></bndbox><center><xc>2410</xc><yc>1686</yc></center><coordpos><row>1</row><col>1</col></coordpos><hrsymbol>mu</hrsymbol><conservation>intact</conservation></object><object><name>55</name><symbol>561</symbol><bndbox><xmin>1904</xmin><ymin>1788</ymin><xmax>2346</xmax><ymax>1976</ymax></bndbox><center><xc>2125</xc><yc>1882</yc></center><coordpos><row>1</row><col>1</col></coordpos><hrsymbol>da</hrsymbol><conservation>intact</conservation></object><object><name>56</name><symbol>856</symbol><bndbox><xmin>1658</xmin><ymin>1804</ymin><xmax>1898</xmax><ymax>2006</ymax></bndbox><center><xc>1778</xc><yc>1905</yc></center><coordpos><row>1</row><col>1</col></coordpos><hrsymbol>ha</hrsymbol><conservation>intact</conservation></object><object><name>57</name><symbol>357</symbol><bndbox><xmin>958</xmin><ymin>1850</ymin><xmax>1286</xmax><ymax>2040</ymax></bndbox><center><xc>1122</xc><yc>1945</yc></center><coordpos><row>1</row><col>1</col></coordpos><hrsymbol>isz</hrsymbol><conservation>intact</conservation></object><object><name>58</name><symbol>142</symbol><bndbox><xmin>656</xmin><ymin>1884</ymin><xmax>950</xmax><ymax>2088</ymax></bndbox><center><xc>803</xc><yc>1986</yc></center><coordpos><row>1</row><col>1</col></coordpos><hrsymbol>ri</hrsymbol><conservation>intact</conservation></object><object><name>59</name><symbol>252</symbol><bndbox><xmin>432</xmin><ymin>1932</ymin><xmax>668</xmax><ymax>2096</ymax></bndbox><center><xc>550</xc><yc>2014</yc></center><coordpos><row>1</row><col>1</col></coordpos><hrsymbol>i</hrsymbol><conservation>intact</conservation></object><object><name>60</name><symbol>301</symbol><bndbox><xmin>1262</xmin><ymin>1814</ymin><xmax>1658</xmax><ymax>2028</ymax></bndbox><center><xc>1460</xc><yc>1921</yc></center><coordpos><row>1</row><col>1</col></coordpos><hrsymbol>tah</hrsymbol><conservation>intact</conservation></object><object><name>61</name><symbol>259</symbol><bndbox><xmin>576</xmin><ymin>2080</ymin><xmax>924</xmax><ymax>2298</ymax></bndbox><center><xc>750</xc><yc>2189</yc></center><coordpos><row>1</row><col>1</col></coordpos><hrsymbol>ze2</hrsymbol><conservation>intact</conservation></object><object><name>62</name><symbol>164</symbol><bndbox><xmin>890</xmin><ymin>2038</ymin><xmax>1174</xmax><ymax>2244</ymax></bndbox><center><xc>1032</xc><yc>2141</yc></center><coordpos><row>1</row><col>1</col></coordpos><hrsymbol>en</hrsymbol><conservation>intact</conservation></object><object><name>63</name><symbol>589</symbol><bndbox><xmin>1112</xmin><ymin>2024</ymin><xmax>1420</xmax><ymax>2254</ymax></bndbox><center><xc>1266</xc><yc>2139</yc></center><coordpos><row>1</row><col>1</col></coordpos><hrsymbol>te</hrsymbol><conservation>intact</conservation></object><object><name>64</name><symbol>583</symbol><bndbox><xmin>1374</xmin><ymin>1996</ymin><xmax>1748</xmax><ymax>2220</ymax></bndbox><center><xc>1561</xc><yc>2108</yc></center><coordpos><row>1</row><col>1</col></coordpos><hrsymbol>uz</hrsymbol><conservation>intact</conservation></object><object><name>65</name><symbol>16</symbol><bndbox><xmin>1818</xmin><ymin>1984</ymin><xmax>2128</xmax><ymax>2188</ymax></bndbox><center><xc>1973</xc><yc>2086</yc></center><coordpos><row>1</row><col>1</col></coordpos><hrsymbol>su</hrsymbol><conservation>intact</conservation></object><object><name>66</name><symbol>589</symbol><bndbox><xmin>1560</xmin><ymin>1476</ymin><xmax>1800</xmax><ymax>1620</ymax></bndbox><center><xc>1680</xc><yc>1548</yc></center><coordpos><row>1</row><col>1</col></coordpos><hrsymbol>te</hrsymbol><conservation>intact</conservation></object><object><name>67</name><symbol>754</symbol><bndbox><xmin>1628</xmin><ymin>1288</ymin><xmax>1864</xmax><ymax>1438</ymax></bndbox><center><xc>1746</xc><yc>1363</yc></center><coordpos><row>1</row><col>1</col></coordpos><hrsymbol>mesz</hrsymbol><conservation>intact</conservation></object><object><name>68</name><symbol>010</symbol><bndbox><xmin>292.01141357421875</xmin><ymin>1384.0113677978516</ymin><xmax>492.01141357421875</xmax><ymax>1536.0113677978516</ymax></bndbox><center><xc>392.01141357421875</xc><yc>1460.0113677978516</yc></center><coordpos><row>1</row><col>1</col></coordpos><hrsymbol>an</hrsymbol><conservation>intact</conservation></object><object><name>69</name><symbol>641</symbol><bndbox><xmin>2884.0114135742188</xmin><ymin>1236.0113677978516</ymin><xmax>3100.0114135742188</xmax><ymax>1408.0113677978516</ymax></bndbox><center><xc>2992.0114135742188</xc><yc>1322.0113677978516</yc></center><coordpos><row>1</row><col>1</col></coordpos><hrsymbol>im</hrsymbol><conservation>intact</conservation></object><object><name>70</name><symbol>010</symbol><bndbox><xmin>1424.0114135742188</xmin><ymin>1272.0113677978516</ymin><xmax>1624.0114135742188</xmax><ymax>1460.0113677978516</ymax></bndbox><center><xc>1524.0114135742188</xc><yc>1366.0113677978516</yc></center><coordpos><row>1</row><col>1</col></coordpos><hrsymbol>an</hrsymbol><conservation>intact</conservation></object></annotation>
