<?xml version="1.0"?>
<annotation><folder>KileS</folder><filename>VAT10601</filename><size><width>2918</width><height>2450</height></size><object><name>1</name><symbol>807</symbol><bndbox><xmin>2308</xmin><ymin>298</ymin><xmax>2644</xmax><ymax>466</ymax></bndbox><center><xc>2476</xc><yc>382</yc></center><coordpos><row>1</row><col>1</col></coordpos><hrsymbol>ib</hrsymbol><conservation>intact</conservation></object><object><name>2</name><symbol>490</symbol><bndbox><xmin>2270</xmin><ymin>462</ymin><xmax>2610</xmax><ymax>626</ymax></bndbox><center><xc>2440</xc><yc>544</yc></center><coordpos><row>1</row><col>1</col></coordpos><hrsymbol>u2</hrsymbol><conservation>intact</conservation></object><object><name>3</name><symbol>89</symbol><bndbox><xmin>2356</xmin><ymin>634</ymin><xmax>2620</xmax><ymax>832</ymax></bndbox><center><xc>2488</xc><yc>733</yc></center><coordpos><row>1</row><col>1</col></coordpos><hrsymbol>la</hrsymbol><conservation>intact</conservation></object><object><name>4</name><symbol>252</symbol><bndbox><xmin>2578</xmin><ymin>620</ymin><xmax>2778</xmax><ymax>818</ymax></bndbox><center><xc>2678</xc><yc>719</yc></center><coordpos><row>1</row><col>1</col></coordpos><hrsymbol>i</hrsymbol><conservation>intact</conservation></object><object><name>5</name><symbol>490</symbol><bndbox><xmin>2102</xmin><ymin>636</ymin><xmax>2398</xmax><ymax>840</ymax></bndbox><center><xc>2250</xc><yc>738</yc></center><coordpos><row>1</row><col>1</col></coordpos><hrsymbol>u2</hrsymbol><conservation>intact</conservation></object><object><name>6</name><symbol>132</symbol><bndbox><xmin>1896</xmin><ymin>654</ymin><xmax>2126</xmax><ymax>812</ymax></bndbox><center><xc>2011</xc><yc>733</yc></center><coordpos><row>1</row><col>1</col></coordpos><hrsymbol>hu</hrsymbol><conservation>intact</conservation></object><object><name>7</name><symbol>89</symbol><bndbox><xmin>1902</xmin><ymin>818</ymin><xmax>2178</xmax><ymax>1044</ymax></bndbox><center><xc>2040</xc><yc>931</yc></center><coordpos><row>1</row><col>1</col></coordpos><hrsymbol>la</hrsymbol><conservation>intact</conservation></object><object><name>8</name><symbol>252</symbol><bndbox><xmin>2150</xmin><ymin>830</ymin><xmax>2412</xmax><ymax>1000</ymax></bndbox><center><xc>2281</xc><yc>915</yc></center><coordpos><row>1</row><col>1</col></coordpos><hrsymbol>i</hrsymbol><conservation>intact</conservation></object><object><name>9</name><symbol>580</symbol><bndbox><xmin>2368</xmin><ymin>808</ymin><xmax>2644</xmax><ymax>988</ymax></bndbox><center><xc>2506</xc><yc>898</yc></center><coordpos><row>1</row><col>1</col></coordpos><hrsymbol>bu</hrsymbol><conservation>intact</conservation></object><object><name>10</name><symbol>490</symbol><bndbox><xmin>1648</xmin><ymin>846</ymin><xmax>1948</xmax><ymax>1048</ymax></bndbox><center><xc>1798</xc><yc>947</yc></center><coordpos><row>1</row><col>1</col></coordpos><hrsymbol>u2</hrsymbol><conservation>intact</conservation></object><object><name>11</name><symbol>252</symbol><bndbox><xmin>1786</xmin><ymin>1016</ymin><xmax>2102</xmax><ymax>1208</ymax></bndbox><center><xc>1944</xc><yc>1112</yc></center><coordpos><row>1</row><col>1</col></coordpos><hrsymbol>i</hrsymbol><conservation>intact</conservation></object><object><name>12</name><symbol>580</symbol><bndbox><xmin>2090</xmin><ymin>988</ymin><xmax>2380</xmax><ymax>1202</ymax></bndbox><center><xc>2235</xc><yc>1095</yc></center><coordpos><row>1</row><col>1</col></coordpos><hrsymbol>bu</hrsymbol><conservation>intact</conservation></object><object><name>13</name><symbol>596</symbol><bndbox><xmin>2318</xmin><ymin>952</ymin><xmax>2580</xmax><ymax>1176</ymax></bndbox><center><xc>2449</xc><yc>1064</yc></center><coordpos><row>1</row><col>1</col></coordpos><hrsymbol>ud</hrsymbol><conservation>intact</conservation></object><object><name>14</name><symbol>859</symbol><bndbox><xmin>1210</xmin><ymin>1242</ymin><xmax>1358</xmax><ymax>1444</ymax></bndbox><center><xc>1284</xc><yc>1343</yc></center><coordpos><row>1</row><col>1</col></coordpos><hrsymbol>nig2</hrsymbol><conservation>intact</conservation></object><object><name>15</name><symbol>248</symbol><bndbox><xmin>1336</xmin><ymin>1244</ymin><xmax>1712</xmax><ymax>1418</ymax></bndbox><center><xc>1524</xc><yc>1331</yc></center><coordpos><row>1</row><col>1</col></coordpos><hrsymbol>ta</hrsymbol><conservation>intact</conservation></object><object><name>16</name><symbol>828</symbol><bndbox><xmin>1690</xmin><ymin>1214</ymin><xmax>1964</xmax><ymax>1410</ymax></bndbox><center><xc>1827</xc><yc>1312</yc></center><coordpos><row>1</row><col>1</col></coordpos><hrsymbol>ur</hrsymbol><conservation>intact</conservation></object><object><name>17</name><symbol>14</symbol><bndbox><xmin>1934</xmin><ymin>1190</ymin><xmax>2270</xmax><ymax>1418</ymax></bndbox><center><xc>2102</xc><yc>1304</yc></center><coordpos><row>1</row><col>1</col></coordpos><hrsymbol>ba</hrsymbol><conservation>intact</conservation></object><object><name>18</name><symbol>118</symbol><bndbox><xmin>2234</xmin><ymin>1152</ymin><xmax>2566</xmax><ymax>1362</ymax></bndbox><center><xc>2400</xc><yc>1257</yc></center><coordpos><row>1</row><col>1</col></coordpos><hrsymbol>ti</hrsymbol><conservation>intact</conservation></object><object><name>19</name><symbol>10</symbol><bndbox><xmin>1882</xmin><ymin>1392</ymin><xmax>2084</xmax><ymax>1564</ymax></bndbox><center><xc>1983</xc><yc>1478</yc></center><coordpos><row>1</row><col>1</col></coordpos><hrsymbol>an</hrsymbol><conservation>intact</conservation></object><object><name>20</name><symbol>358</symbol><bndbox><xmin>2302</xmin><ymin>1372</ymin><xmax>2542</xmax><ymax>1552</ymax></bndbox><center><xc>2422</xc><yc>1462</yc></center><coordpos><row>1</row><col>1</col></coordpos><hrsymbol>bi</hrsymbol><conservation>intact</conservation></object><object><name>21</name><symbol>110</symbol><bndbox><xmin>2074</xmin><ymin>1344</ymin><xmax>2328</xmax><ymax>1582</ymax></bndbox><center><xc>2201</xc><yc>1463</yc></center><coordpos><row>1</row><col>1</col></coordpos><hrsymbol>na</hrsymbol><conservation>intact</conservation></object><object><name>22</name><symbol>544</symbol><bndbox><xmin>1166</xmin><ymin>1360</ymin><xmax>1562</xmax><ymax>1600</ymax></bndbox><center><xc>1364</xc><yc>1480</yc></center><coordpos><row>1</row><col>1</col></coordpos><hrsymbol>lil</hrsymbol><conservation>intact</conservation></object><object><name>23</name><symbol>118</symbol><bndbox><xmin>1556</xmin><ymin>1382</ymin><xmax>1894</xmax><ymax>1594</ymax></bndbox><center><xc>1725</xc><yc>1488</yc></center><coordpos><row>1</row><col>1</col></coordpos><hrsymbol>ti</hrsymbol><conservation>intact</conservation></object><object><name>24</name><symbol>252</symbol><bndbox><xmin>1992</xmin><ymin>1572</ymin><xmax>2256</xmax><ymax>1722</ymax></bndbox><center><xc>2124</xc><yc>1647</yc></center><coordpos><row>1</row><col>1</col></coordpos><hrsymbol>i</hrsymbol><conservation>intact</conservation></object><object><name>25</name><symbol>589</symbol><bndbox><xmin>2202</xmin><ymin>1538</ymin><xmax>2506</xmax><ymax>1722</ymax></bndbox><center><xc>2354</xc><yc>1630</yc></center><coordpos><row>1</row><col>1</col></coordpos><hrsymbol>te</hrsymbol><conservation>intact</conservation></object><object><name>26</name><symbol>15</symbol><bndbox><xmin>1146</xmin><ymin>1602</ymin><xmax>1468</xmax><ymax>1802</ymax></bndbox><center><xc>1307</xc><yc>1702</yc></center><coordpos><row>1</row><col>1</col></coordpos><hrsymbol>zu</hrsymbol><conservation>intact</conservation></object><object><name>27</name><symbol>238</symbol><bndbox><xmin>1440</xmin><ymin>1612</ymin><xmax>1752</xmax><ymax>1786</ymax></bndbox><center><xc>1596</xc><yc>1699</yc></center><coordpos><row>1</row><col>1</col></coordpos><hrsymbol>um</hrsymbol><conservation>intact</conservation></object><object><name>28</name><symbol>142</symbol><bndbox><xmin>1732</xmin><ymin>1572</ymin><xmax>2014</xmax><ymax>1750</ymax></bndbox><center><xc>1873</xc><yc>1661</yc></center><coordpos><row>1</row><col>1</col></coordpos><hrsymbol>ri</hrsymbol><conservation>intact</conservation></object><object><name>29</name><symbol>490</symbol><bndbox><xmin>1936</xmin><ymin>1736</ymin><xmax>2342</xmax><ymax>1948</ymax></bndbox><center><xc>2139</xc><yc>1842</yc></center><coordpos><row>1</row><col>1</col></coordpos><hrsymbol>u2</hrsymbol><conservation>intact</conservation></object><object><name>30</name><symbol>85</symbol><bndbox><xmin>1584</xmin><ymin>1768</ymin><xmax>1996</xmax><ymax>1960</ymax></bndbox><center><xc>1790</xc><yc>1864</yc></center><coordpos><row>1</row><col>1</col></coordpos><hrsymbol>li</hrsymbol><conservation>intact</conservation></object><object><name>31</name><symbol>496</symbol><bndbox><xmin>1328</xmin><ymin>1772</ymin><xmax>1632</xmax><ymax>1994</ymax></bndbox><center><xc>1480</xc><yc>1883</yc></center><coordpos><row>1</row><col>1</col></coordpos><hrsymbol>kal</hrsymbol><conservation>intact</conservation></object><object><name>32</name><symbol>381</symbol><bndbox><xmin>1078</xmin><ymin>1798</ymin><xmax>1376</xmax><ymax>1996</ymax></bndbox><center><xc>1227</xc><yc>1897</yc></center><coordpos><row>1</row><col>1</col></coordpos><hrsymbol>usz</hrsymbol><conservation>intact</conservation></object><object><name>33</name><symbol>110</symbol><bndbox><xmin>1846</xmin><ymin>1974</ymin><xmax>2188</xmax><ymax>2152</ymax></bndbox><center><xc>2017</xc><yc>2063</yc></center><coordpos><row>1</row><col>1</col></coordpos><hrsymbol>na</hrsymbol><conservation>intact</conservation></object><object><name>34</name><symbol>252</symbol><bndbox><xmin>1642</xmin><ymin>1952</ymin><xmax>1904</xmax><ymax>2128</ymax></bndbox><center><xc>1773</xc><yc>2040</yc></center><coordpos><row>1</row><col>1</col></coordpos><hrsymbol>i</hrsymbol><conservation>intact</conservation></object><object><name>35</name><symbol>698</symbol><bndbox><xmin>1312</xmin><ymin>1976</ymin><xmax>1688</xmax><ymax>2168</ymax></bndbox><center><xc>1500</xc><yc>2072</yc></center><coordpos><row>1</row><col>1</col></coordpos><hrsymbol>ul</hrsymbol><conservation>intact</conservation></object><object><name>36</name><symbol>552</symbol><bndbox><xmin>1130</xmin><ymin>1990</ymin><xmax>1384</xmax><ymax>2160</ymax></bndbox><center><xc>1257</xc><yc>2075</yc></center><coordpos><row>1</row><col>1</col></coordpos><hrsymbol>ma</hrsymbol><conservation>intact</conservation></object><object><name>37</name><symbol>132</symbol><bndbox><xmin>2000.0057067871094</xmin><ymin>444.0056838989258</ymin><xmax>2298.0057067871094</xmax><ymax>626.0056838989258</ymax></bndbox><center><xc>2149.0057067871094</xc><yc>535.0056838989258</yc></center><coordpos><row>1</row><col>1</col></coordpos><hrsymbol>hu</hrsymbol><conservation>intact</conservation></object></annotation>
